date,fx_USUK,fx_SZUS,fx_JPUS,fx_USAL,fx_USEU,euro_interbank,ch_interbank,us_interbank,australia_interbank,japan_interbank,uk_interbank
2002-01-01,1.4322,1.6709,132.6833,0.517,0.8832,3.3387727272727297,1.60372514285714,1.74,4.26,,4.0467699999999995
2002-02-01,1.4227,1.697,133.6426,0.5128,0.8707,3.3571,1.5666706,1.82,4.31,,4.0526800000000005
2002-03-01,1.423,1.6743,131.061,0.5256,0.8766,3.3908,1.60416375,1.91,4.46,,4.13055
2002-04-01,1.4429,1.6542,130.7718,0.5352,0.886,3.40690476190476,1.46064661904762,1.87,4.59,0.1,4.17319
2002-05-01,1.4598,1.5889,126.375,0.5498,0.917,3.4671363636363597,1.1634938999999995,1.82,4.84,0.08,4.1537
2002-06-01,1.4837,1.5399,123.2905,0.5682,0.9561,3.464,1.14959405,1.81,5.07,0.0899999999999999,4.17758
2002-07-01,1.5565,1.4718,117.8991,0.5538,0.9935,3.41,1.00306152173913,1.79,4.98,0.0899999999999999,4.06054
2002-08-01,1.5368,1.4972,118.9927,0.5413,0.9781,3.35190909090909,0.668342047619048,1.73,4.96,0.07,3.98654
2002-09-01,1.5563,1.4931,121.078,0.5465,0.9806,3.3101428571428597,0.612999095238095,1.76,4.92,0.08,3.98872
2002-10-01,1.5575,1.4932,123.9077,0.5502,0.9812,3.2612608695652203,0.627853739130435,1.73,4.9,0.08,3.96401
2002-11-01,1.5711,1.4658,121.6079,0.5613,1.0013,3.12414285714286,0.592497857142857,1.39,4.84,0.08,3.97142
2002-12-01,1.5863,1.4388,121.8929,0.5624,1.0194,2.94105,0.54338995,1.34,4.83,0.1,4.01777
2003-01-01,1.6175,1.3765,118.8133,0.5829,1.0622,2.83181818181818,0.508735476190476,1.29,4.8,0.1,3.98263
2003-02-01,1.6079,1.3602,119.3379,0.5956,1.0785,2.68745,0.48923735,1.27,4.75,0.0899999999999999,3.75425
2003-03-01,1.5825,1.3614,118.6871,0.6015,1.0797,2.52995238095238,0.233193714285714,1.23,4.76,0.08,3.65503
2003-04-01,1.5739,1.3783,119.895,0.61,1.0862,2.53335,0.1737808999999999,1.24,4.79,0.08,3.64598
2003-05-01,1.6224,1.3111,117.3681,0.6468,1.1556,2.40052380952381,0.1585084999999999,1.22,4.78,0.08,3.632519999999999
2003-06-01,1.6609,1.3196,118.329,0.6652,1.1674,2.15185714285714,0.1583946499999999,1.04,4.67,0.0899999999999999,3.63966
2003-07-01,1.6221,1.3611,118.6959,0.6607,1.1365,2.13004347826087,0.16359952173913,1.05,4.72,0.0899999999999999,3.49022
2003-08-01,1.5939,1.3811,118.6624,0.6518,1.1155,2.1404285714285702,0.1508666999999999,1.08,4.82,0.0899999999999999,3.5224900000000003
2003-09-01,1.6155,1.3743,114.8,0.6635,1.1267,2.14731818181818,0.138722590909091,1.08,4.91,0.0899999999999999,3.6967
2003-10-01,1.6792,1.3222,109.4955,0.6948,1.1714,2.1435652173913,0.1291310434782609,1.1,4.97,0.0899999999999999,3.80338
2003-11-01,1.6897,1.3318,109.1778,0.7158,1.171,2.15905,0.1428322499999999,1.11,5.31,0.08,3.98043
2003-12-01,1.7516,1.2643,107.7377,0.7391,1.2298,2.14633333333333,0.1368285714285709,1.1,5.47,0.1,4.01864
2004-01-01,1.8255,1.2391,106.2685,0.7717,1.2638,2.08947619047619,0.1284938999999999,1.06,5.55,0.0899999999999999,4.0553099999999995
2004-02-01,1.8673,1.2448,106.7079,0.777,1.264,2.07055,0.14803445,1.05,5.57,0.0899999999999999,4.16654
2004-03-01,1.8261,1.2778,108.5157,0.7496,1.2261,2.02882608695652,0.1582940434782608,1.05,5.51,0.08,4.29673
2004-04-01,1.8031,1.2969,107.6564,0.7443,1.1989,2.04875,0.18674945,1.08,5.54,0.08,4.3947199999999995
2004-05-01,1.786,1.2839,112.196,0.7039,1.2,2.08585714285714,0.1823533684210529,1.2,5.51,0.08,4.52872
2004-06-01,1.8279,1.2503,109.4336,0.6937,1.2146,2.1126818181818203,0.3284640454545449,1.46,5.49,0.0899999999999999,4.78974
2004-07-01,1.8438,1.2452,109.4871,0.7161,1.2266,2.11604545454546,0.4224013636363639,1.57,5.46,0.0899999999999999,4.8570199999999994
2004-08-01,1.8203,1.2623,110.2336,0.7111,1.2191,2.1142727272727297,0.471912181818182,1.68,5.44,0.0899999999999999,4.96284
2004-09-01,1.7937,1.2629,110.0914,0.7028,1.2224,2.1185909090909094,0.584377681818182,1.86,5.42,0.0899999999999999,4.9469
2004-10-01,1.8077,1.233,108.7835,0.7337,1.2507,2.14733333333333,0.620791047619048,2.04,5.41,0.0899999999999999,4.90071
2004-11-01,1.8607,1.1711,104.699,0.7704,1.2997,2.1703181818181796,0.648511,2.26,5.43,0.0899999999999999,4.88359
2004-12-01,1.9286,1.1465,103.8104,0.7675,1.3406,2.1731739130434797,0.649346863636364,2.45,5.41,0.1,4.87103
2005-01-01,1.8797,1.1792,103.341,0.7668,1.3123,2.14542857142857,0.6510692380952378,2.61,5.42,0.1,4.8731599999999995
2005-02-01,1.8871,1.1918,104.9442,0.7812,1.3013,2.13835,0.6771861,2.77,5.63,0.1,4.89069
2005-03-01,1.9043,1.1756,105.2543,0.7848,1.3185,2.13719047619048,0.6663162380952378,2.97,5.81,0.08,4.98736
2005-04-01,1.8961,1.1954,107.1938,0.7738,1.2943,2.1372380952381,0.67295219047619,3.09,5.75,0.08,4.94336
2005-05-01,1.8559,1.2172,106.5952,0.7663,1.2697,2.12563636363636,0.6706621499999998,3.22,5.68,0.08,4.89375
2005-06-01,1.8177,1.2665,108.7473,0.7667,1.2155,2.11104545454545,0.672201227272727,3.38,5.66,0.0899999999999999,4.84144
2005-07-01,1.7507,1.2945,111.9535,0.7524,1.2041,2.1194285714285703,0.666276380952381,3.57,5.65,0.0899999999999999,4.65794
2005-08-01,1.7944,1.2629,110.6065,0.7614,1.2295,2.1324782608695703,0.675881090909091,3.77,5.62,0.0899999999999999,4.59465
2005-09-01,1.8064,1.2671,111.239,0.7651,1.2234,2.13913636363636,0.6749196363636359,3.87,5.62,0.0899999999999999,4.5968599999999995
2005-10-01,1.7651,1.288,114.8695,0.7535,1.2022,2.19661904761905,0.722154380952381,4.13,5.63,0.0899999999999999,4.58701
2005-11-01,1.7349,1.311,118.454,0.7353,1.1789,2.36086363636364,0.8655520909090909,4.31,5.63,0.0899999999999999,4.618469999999999
2005-12-01,1.7458,1.3053,118.4624,0.7423,1.1861,2.47285714285714,0.9330752,4.45,5.63,0.1,4.63732
2006-01-01,1.7686,1.2773,115.4765,0.7505,1.2126,2.51168181818182,0.924489476190476,4.56,5.63,0.1035999999999999,4.603680000000001
2006-02-01,1.748,1.3052,117.8605,0.7418,1.194,2.60035,0.9967605,4.72,5.61,0.11,4.58199
2006-03-01,1.7442,1.305,117.2778,0.7266,1.2028,2.7226086956521702,1.11319943478261,4.88,5.61,0.1255,4.58741
2006-04-01,1.768,1.283,117.0695,0.7369,1.2273,2.79377777777778,1.17550216666667,5.03,5.69,0.14,4.6296
2006-05-01,1.8687,1.219,111.7305,0.7639,1.2767,2.889,1.30199257142857,5.15,5.87,0.27,4.7015
2006-06-01,1.8435,1.2321,114.625,0.7399,1.2661,2.98568181818182,1.37270757142857,5.35,5.96,0.3499999999999999,4.73498
2006-07-01,1.8443,1.2376,115.767,0.7528,1.2681,3.10219047619048,1.42769528571429,5.46,6.05,0.44,4.733219999999999
2006-08-01,1.8941,1.2318,115.9243,0.7631,1.281,3.2264782608695697,1.5230886363636396,5.38,6.19,0.4319999999999999,4.94425
2006-09-01,1.8839,1.2455,117.2145,0.7549,1.2722,3.3353809523809503,1.643369,5.34,6.21,0.4359999999999999,5.02501
2006-10-01,1.8765,1.2602,118.609,0.7544,1.2617,3.502,1.74738009090909,5.33,6.28,0.447,5.13176
2006-11-01,1.9125,1.2356,117.3205,0.7728,1.2888,3.59718181818182,1.80596172727273,5.32,6.37,0.502,5.22544
2006-12-01,1.9629,1.2099,117.322,0.7858,1.3205,3.6842105263157903,1.9084078235294095,5.32,6.39,0.54,5.29167
2007-01-01,1.9587,1.2431,120.4471,0.7826,1.2993,3.7518636363636406,2.05046923809524,5.32,6.43,0.54,5.48623
2007-02-01,1.9589,1.2393,120.5047,0.783,1.308,3.8182,2.11132155,5.31,6.37,0.66,5.5657
2007-03-01,1.9474,1.2178,117.26,0.7932,1.3246,3.8909090909090898,2.15987477272727,5.3,6.43,0.66,5.54946
2007-04-01,1.9879,1.2124,118.9324,0.8273,1.3513,3.97526315789474,2.2238667368421097,5.31,6.48,0.65,5.64899
2007-05-01,1.9842,1.2211,120.7732,0.8254,1.3518,4.071363636363641,2.31683825,5.31,6.37,0.67,5.7674199999999995
2007-06-01,1.9867,1.233,122.6886,0.8423,1.3421,4.147761904761911,2.44371828571429,5.33,6.42,0.7299999999999999,5.88018
2007-07-01,2.0355,1.2069,121.4148,0.8677,1.3726,4.21618181818182,2.61172740909091,5.32,6.47,0.77,6.02396
2007-08-01,2.011,1.2027,116.7335,0.8291,1.3626,4.5436086956521695,2.6067207272727297,5.49,6.75,0.8399999999999999,6.41946
2007-09-01,2.0184,1.1852,115.0435,0.8461,1.391,4.7417,2.49345425,5.46,6.94,0.8499999999999999,6.64694
2007-10-01,2.0449,1.1741,115.8661,0.8996,1.4233,4.6873913043478295,2.4567012608695697,5.08,6.91,0.8499999999999999,6.27014
2007-11-01,2.0701,1.1233,111.0729,0.8961,1.4683,4.63854545454545,2.2950433181818197,4.97,7.15,0.8699999999999999,6.408580000000001
2007-12-01,2.0161,1.1402,112.449,0.8719,1.4559,4.848368421052631,2.34431588235294,5.02,7.29,0.8599999999999999,6.359430000000001
2008-01-01,1.9702,1.1006,107.8181,0.8823,1.4728,4.48154545454545,2.28750271428571,3.84,7.18,0.8499999999999999,5.65965
2008-02-01,1.9646,1.089,107.03,0.9133,1.4759,4.36209523809524,2.4174568095238103,3.06,7.69,0.8499999999999999,5.64202
2008-03-01,2.0015,1.0126,100.7562,0.9221,1.552,4.59636842105263,2.28812894736842,2.79,7.9,0.8399999999999999,5.899290000000001
2008-04-01,1.9816,1.0138,102.6777,0.9309,1.5754,4.7835,2.18122622727273,2.85,7.84,0.8399999999999999,5.91881
2008-05-01,1.965,1.0448,104.3595,0.9492,1.5554,4.85738095238095,2.0428156000000004,2.66,7.75,0.8399999999999999,5.82639
2008-06-01,1.9664,1.0371,106.9152,0.9511,1.5562,4.9405238095238095,2.1437270952381,2.76,7.81,0.8599999999999999,5.92944
2008-07-01,1.9888,1.0283,106.8518,0.962,1.5759,4.961,2.20689582608696,2.79,7.75,0.8499999999999999,5.8322
2008-08-01,1.8865,1.0841,109.3624,0.8815,1.4955,4.965190476190481,2.1833859,2.79,7.31,0.8499999999999999,5.76619
2008-09-01,1.7973,1.1102,106.5748,0.8168,1.4342,5.019181818181821,2.124653,3.59,7.27,0.8699999999999999,5.9106
2008-10-01,1.6862,1.1429,99.9659,0.687,1.3266,5.11308695652174,1.4107911818181795,4.32,6.03,0.89,6.13304
2008-11-01,1.5327,1.191,96.9656,0.6591,1.2744,4.2383,0.700317846153846,2.36,4.76,0.88,4.44684
2008-12-01,1.4854,1.1404,91.275,0.6719,1.3511,3.2926190476190493,0.1075305,1.77,4.39,0.7399999999999999,3.17247
2009-01-01,1.4462,1.1267,90.1205,0.6754,1.3244,2.45652380952381,0.0938756999999998,1.02,3.74,0.7199999999999999,2.3427599999999997
2009-02-01,1.4422,1.1639,92.9158,0.6504,1.2797,1.94305,0.1100029444444439,1.16,3.16,0.7099999999999999,2.09038
2009-03-01,1.417,1.1555,97.855,0.6666,1.305,1.63545454545455,0.1130130476190479,1.07,3.16,0.65,1.83139
2009-04-01,1.4712,1.1481,98.92,0.7158,1.3199,1.4223,0.0902461818181817,0.89,3.1,0.5999999999999999,1.53413
2009-05-01,1.5418,1.1076,96.6445,0.7648,1.3646,1.2817,0.0912780588235294,0.57,3.13,0.57,1.35795
2009-06-01,1.6369,1.0809,96.6145,0.8025,1.4014,1.22790909090909,0.0871305263157895,0.39,3.25,0.56,1.24117
2009-07-01,1.6378,1.078,94.367,0.8049,1.4092,0.9749565217391308,0.0717845652173912,0.35,3.14,0.55,1.00113
2009-08-01,1.6532,1.0683,94.8971,0.8353,1.4266,0.860476190476191,0.0738368095238094,0.3,3.3,0.54,0.7736899999999999
2009-09-01,1.6323,1.0391,91.2748,0.8622,1.4575,0.772090909090909,0.0734003809523809,0.25,3.37,0.54,0.6056
2009-10-01,1.6212,1.0213,90.3671,0.9067,1.4821,0.7375,0.0850033333333333,0.24,3.78,0.53,0.5708699999999999
2009-11-01,1.6599,1.0131,89.2674,0.9197,1.4908,0.7161904761904759,0.1185357857142858,0.21,3.95,0.51,0.60936
2009-12-01,1.6226,1.0301,89.9509,0.9021,1.4579,0.712045454545454,0.1156199090909089,0.22,4.13,0.46,0.60541
2010-01-01,1.6158,1.0345,91.1011,0.9127,1.4266,0.6797499999999999,0.0903593999999998,0.2,4.2,0.45,0.61265
2010-02-01,1.5618,1.0722,90.1395,0.8857,1.368,0.6617,0.09874325,0.19,4.16,0.44,0.6331
2010-03-01,1.5058,1.0666,90.7161,0.9123,1.357,0.6449565217391299,0.0957777272727273,0.23,4.33,0.4299999999999999,0.64549
2010-04-01,1.5332,1.069,93.4527,0.9262,1.3417,0.6447,0.0879434999999999,0.3,4.55,0.4,0.65592
2010-05-01,1.4669,1.1295,91.973,0.8713,1.2563,0.6865238095238099,0.08190975,0.45,4.81,0.39,0.69713
2010-06-01,1.4768,1.1255,90.8059,0.8539,1.2223,0.727590909090909,0.11774075,0.52,4.89,0.38,0.7283899999999999
2010-07-01,1.5304,1.053,87.5005,0.8786,1.2811,0.848818181818182,0.18285119047619,0.41,4.84,0.3699999999999999,0.73603
2010-08-01,1.5661,1.0388,85.3727,0.9004,1.2903,0.8954999999999999,0.20656935,0.32,4.74,0.3599999999999999,0.73296
2010-09-01,1.5591,1.0002,84.3571,0.9398,1.3103,0.8805,0.2138120952380949,0.28,4.82,0.3599999999999999,0.7285899999999998
2010-10-01,1.5867,0.9686,81.7285,0.9818,1.3901,0.997666666666667,0.2479177499999999,0.27,4.81,0.34,0.7384
2010-11-01,1.5961,0.9847,82.518,0.9889,1.3654,1.0420454545454498,0.18600105,0.27,5.02,0.34,0.73901
2010-12-01,1.5595,0.9689,83.3376,0.9929,1.3221,1.02169565217391,0.1913681111111109,0.3,5.03,0.34,0.74962
2011-01-01,1.5782,0.9565,82.625,0.9962,1.3371,1.0172380952381,0.1508101904761899,0.29,4.96,0.34,0.76866
2011-02-01,1.6124,0.95,82.5368,1.0084,1.3656,1.08675,0.1395427499999999,0.28,4.92,0.34,0.79962
2011-03-01,1.6159,0.9185,81.647,1.0113,1.402,1.17552173913043,0.1551241739130428,0.28,4.92,0.33615,0.80913
2011-04-01,1.6379,0.8972,83.1771,1.0588,1.446,1.32121052631579,0.139454111111111,0.23,4.9,0.3328599999999999,0.82096
2011-05-01,1.6332,0.874,81.1257,1.0675,1.4335,1.42509090909091,0.119449863636364,0.21,5.0,0.3321399999999999,0.82344
2011-06-01,1.6219,0.8401,80.4259,1.0617,1.4403,1.48859090909091,0.10205965,0.22,4.99,0.3321399999999999,0.82512
2011-07-01,1.6158,0.8214,79.2425,1.0781,1.4275,1.59761904761905,0.0909554761904761,0.24,4.96,0.3321399999999999,0.8288999999999999
2011-08-01,1.6356,0.78,76.9657,1.0502,1.4333,1.55208695652174,-0.0675967999999999,0.29,4.86,0.3285699999999999,0.85782
2011-09-01,1.5771,0.8767,76.7957,1.022,1.3747,1.53645454545455,-0.0610702727272727,0.33,4.81,0.32929,0.9181
2011-10-01,1.5768,0.8958,76.643,1.0168,1.3732,1.57585714285714,-0.0933598947368421,0.37,4.73,0.32929,0.96991
2011-11-01,1.5806,0.9079,77.5595,1.0112,1.3558,1.4846818181818202,-0.0653186999999999,0.41,4.62,0.32929,1.01182
2011-12-01,1.5587,0.9334,77.7967,1.0122,1.3155,1.42609523809524,0.08,0.49,4.51,0.32929,1.06148
2012-01-01,1.5524,0.9376,76.964,1.0415,1.291,1.22222727272727,0.0402932857142856,0.4,4.41,0.33077,1.08709
2012-02-01,1.5804,0.9118,78.47,1.0732,1.3238,1.04828571428571,0.0178765,0.3,4.37,0.3316699999999999,1.07249
2012-03-01,1.5824,0.9131,82.4659,1.0526,1.3208,0.8584545454545459,0.0512992499999999,0.29,4.44,0.3316699999999999,1.03757
2012-04-01,1.6,0.9133,81.2524,1.035,1.316,0.7443157894736842,0.0136988333333333,0.29,4.2,0.3316699999999999,1.01792
2012-05-01,1.5924,0.9383,79.6668,0.998,1.2806,0.6849090909090911,-0.0154980555555556,0.29,3.66,0.3316699999999999,1.005
2012-06-01,1.5556,0.9576,79.3152,0.9986,1.2541,0.6588571428571429,-0.0573110588235294,0.32,3.49,0.33455,0.94978
2012-07-01,1.5593,0.9783,78.9348,1.03,1.2278,0.497045454545455,-0.1733950666666669,0.3,3.55,0.32727,0.81735
2012-08-01,1.5722,0.9681,78.6909,1.0475,1.2406,0.3323913043478259,-0.2072306666666668,0.26,3.62,0.32727,0.70481
2012-09-01,1.6126,0.9386,78.1353,1.0406,1.2885,0.2462999999999999,-0.150658058823529,0.24,3.49,0.32727,0.6480299999999999
2012-10-01,1.608,0.9323,79.0132,1.0298,1.2974,0.207913043478261,-0.06339775,0.23,3.16,0.3263599999999999,0.54397
2012-11-01,1.5968,0.9388,81.0305,1.0405,1.2837,0.192,-0.144987368421053,0.23,3.24,0.31818,0.5245199999999999
2012-12-01,1.6145,0.9213,83.7905,1.0465,1.3119,0.185473684210526,-0.0513429999999999,0.24,3.11,0.30818,0.51848
2013-01-01,1.5965,0.9234,89.0581,1.05,1.3304,0.204909090909091,-0.1080856,0.23,3.0,0.2918199999999999,0.51228
2013-02-01,1.5474,0.9212,93.0016,1.031,1.3347,0.2233499999999999,-0.0634238666666667,0.22,2.94,0.2690899999999999,0.50988
2013-03-01,1.508,0.9466,94.77,1.0345,1.2953,0.20605,-0.0596407368421053,0.21,3.05,0.25,0.50688
2013-04-01,1.5311,0.9366,97.7582,1.038,1.3025,0.2089047619047619,-0.0647253333333333,0.2,3.02,0.2281799999999999,0.5055699999999999
2013-05-01,1.5297,0.9557,100.9186,0.9919,1.2983,0.201227272727273,-0.05881175,0.2,2.82,0.2281799999999999,0.50563
2013-06-01,1.5493,0.9331,97.235,0.944,1.3197,0.2102499999999999,-0.0602111052631578,0.19,2.8,0.2281799999999999,0.50794
2013-07-01,1.5179,0.9449,99.6727,0.9155,1.3088,0.221434782608696,-0.0558058260869565,0.14,2.76,0.228,0.50944
2013-08-01,1.5505,0.9261,97.8123,0.9037,1.3314,0.2258636363636359,-0.06065045,0.12,2.6,0.228,0.5126199999999999
2013-09-01,1.5885,0.9231,99.21,0.9303,1.3364,0.223238095238095,-0.0511073157894737,0.11,2.58,0.228,0.51688
2013-10-01,1.6098,0.9025,97.77,0.9519,1.3646,0.225826086956522,0.0159292,0.12,2.58,0.221,0.51663
2013-11-01,1.61,0.9129,100.0737,0.9324,1.3491,0.2233809523809519,-0.0169540555555556,0.12,2.58,0.22,0.52344
2013-12-01,1.6383,0.8933,103.46,0.898,1.3708,0.2735,0.0174349166666666,0.14,2.6,0.22,0.5247399999999999
2014-01-01,1.647,0.9038,103.7614,0.8858,1.3618,0.292045454545455,-0.0433243999999999,0.12,2.62,0.22,0.52093
2014-02-01,1.6558,0.8937,102.1253,0.8974,1.3665,0.2881,-0.04796675,0.13,2.63,0.2119999999999999,0.52153
2014-03-01,1.6624,0.8805,102.3395,0.9089,1.3828,0.305333333333333,-0.0400058571428571,0.12,2.65,0.2119999999999999,0.5215699999999999
2014-04-01,1.6748,0.8828,102.4582,0.9315,1.381,0.3297499999999999,-0.0292094,0.12,2.68,0.2119999999999999,0.52665
2014-05-01,1.6842,0.8883,101.7738,0.9305,1.3739,0.3245714285714289,-0.03160255,0.11,2.69,0.2099999999999999,0.5274399999999999
2014-06-01,1.6908,0.8958,102.0629,0.9365,1.3595,0.2414285714285709,-0.0124409999999999,0.11,2.7,0.2099999999999999,0.5439399999999999
2014-07-01,1.7066,0.8978,101.74,0.9389,1.3533,0.2050434782608699,0.0333333333333332,0.13,2.65,0.2099999999999999,0.55641
2014-08-01,1.67,0.9098,102.9438,0.9309,1.3315,0.191571428571429,0.0379999999999999,0.13,2.63,0.2099999999999999,0.5611899999999999
2014-09-01,1.629,0.937,107.4257,0.9042,1.2889,0.0970909090909091,0.025,0.12,2.66,0.2099999999999999,0.56291
2014-10-01,1.6074,0.9528,108.0264,0.8781,1.2677,0.0826086956521738,0.04,0.12,2.72,0.192,0.55836
2014-11-01,1.5771,0.9642,116.2994,0.8644,1.2473,0.0809,0.0414285714285713,0.13,2.75,0.1819999999999999,0.55628
2014-12-01,1.5644,0.9753,119.3233,0.8257,1.2329,0.0809047619047619,0.040234375,0.15,2.75,0.1789999999999999,0.55818
2015-01-01,1.5142,0.9443,118.25,0.8064,1.1615,0.0626666666666667,-0.416666666666667,0.16,2.7,0.1729999999999999,0.5625999999999999
2015-02-01,1.5329,0.9361,118.76,0.7797,1.135,0.0482,-0.675,0.15,2.36,0.171,0.5636299999999999
2015-03-01,1.4958,0.9798,120.3945,0.7724,1.0819,0.0271818181818182,-0.788842625,0.14,2.3,0.17,0.56436
2015-04-01,1.4968,0.9595,119.5095,0.774,1.0822,0.0047,-0.685416666666667,0.13,2.25,0.17,0.5695
2015-05-01,1.5456,0.9316,120.798,0.7891,1.1167,-0.0103684210526316,-0.81541675,0.15,2.15,0.1689999999999999,0.56798
2015-06-01,1.5576,0.9321,123.7186,0.7715,1.1226,-0.0139090909090909,-0.767575833333333,0.18,2.15,0.1689999999999999,0.57188
2015-07-01,1.556,0.9547,123.3109,0.7407,1.0997,-0.0187391304347826,-0.7443055,0.19,2.14,0.1689999999999999,0.5808399999999999
2015-08-01,1.5578,0.9685,123.0038,0.7295,1.1136,-0.0276666666666667,-0.78125,0.26,2.14,0.1689999999999999,0.5867
2015-09-01,1.5338,0.9725,120.1476,0.7059,1.1229,-0.0370454545454546,-0.7561761666666669,0.27,2.17,0.1689999999999999,0.58576
2015-10-01,1.5343,0.9687,120.0481,0.72,1.1228,-0.0535909090909091,-0.8449999999999999,0.25,2.15,0.1689999999999999,0.58006
2015-11-01,1.5194,1.0098,122.6432,0.7146,1.0727,-0.0876190476190476,-0.680833,0.3,2.22,0.1689999999999999,0.57371
2015-12-01,1.4981,0.9951,121.635,0.7247,1.0889,-0.126318181818182,-0.740213833333333,0.54,2.34,0.1689999999999999,0.58277
2016-01-01,1.4392,1.0082,118.2258,0.7011,1.0855,-0.14615,-0.745873,0.57,2.3,0.1689999999999999,0.58976
2016-02-01,1.429,0.992,114.6155,0.7134,1.1092,-0.183571428571429,-0.8886363999999999,0.54,2.28,0.098,0.5907299999999999
2016-03-01,1.4249,0.9811,112.9317,0.7504,1.1134,-0.2285238095238099,-0.774167,0.55,2.31,0.098,0.58825
2016-04-01,1.4319,0.9634,109.5519,0.7664,1.1346,-0.2491904761904759,-0.7468749999999998,0.55,2.26,0.0599999999999999,0.5888999999999999
2016-05-01,1.4524,0.9777,108.8481,0.7318,1.1312,-0.2571818181818179,-0.765375,0.57,2.0,0.0599999999999999,0.5892899999999999
2016-06-01,1.4197,0.9695,105.3509,0.7401,1.1232,-0.2679090909090909,-0.7186449999999999,0.55,1.99,0.0589999999999999,0.5746799999999999
2016-07-01,1.3134,0.983,104.191,0.7529,1.1055,-0.2945238095238089,-0.77,0.62,1.93,0.0579999999999998,0.5136
2016-08-01,1.3101,0.9711,101.2383,0.7629,1.1207,-0.2982173913043479,-0.75,0.73,1.76,0.0579999999999998,0.4061299999999999
2016-09-01,1.314,0.9732,101.7843,0.7591,1.1218,-0.3016363636363639,-0.75,0.75,1.73,0.0559999999999998,0.3790699999999999
2016-10-01,1.233,0.9876,103.9075,0.7615,1.1014,-0.309,-0.75,0.72,1.74,0.0559999999999998,0.3975
2016-11-01,1.2432,0.9963,108.443,0.7532,1.0792,-0.312681818181818,-0.76,0.71,1.76,0.0559999999999998,0.3977299999999999
2016-12-01,1.2483,1.0194,115.9981,0.7346,1.0545,-0.315761904761905,-0.8,0.87,1.78,0.0559999999999998,0.3722599999999999
2017-01-01,1.2367,1.0075,114.8721,0.7465,1.0635,-0.325545454545455,-0.93,0.9,1.78,0.0559999999999998,0.3620999999999999
2017-02-01,1.2495,1.001,112.9116,0.7664,1.065,-0.3286,-0.803778166666667,0.87,1.78,0.0559999999999998,0.35674
2017-03-01,1.2347,1.0015,112.9165,0.7622,1.0691,-0.3293478260869569,-0.815,0.98,1.79,0.0559999999999998,0.3456699999999999
2017-04-01,1.2639,1.0009,110.091,0.7534,1.0714,-0.330388888888889,-0.7901190999999999,1.03,1.77,0.0559999999999998,0.3351299999999999
2017-05-01,1.2929,0.9867,112.2436,0.7437,1.105,-0.329454545454545,-0.8977082499999999,1.05,1.73,0.0559999999999998,0.3108099999999999
2017-06-01,1.281,0.9681,110.9141,0.7562,1.1233,-0.33,-0.775,1.16,1.72,0.0559999999999998,0.2944199999999999
2017-07-01,1.2996,0.9604,112.417,0.7807,1.153,-0.330428571428571,-0.8058333333333328,1.22,1.7,0.0749999999999999,0.2931
2017-08-01,1.2952,0.9653,109.827,0.7915,1.1813,-0.329086956521739,-0.815,1.25,1.7,0.0559999999999998,0.28119
2017-09-01,1.334,0.9625,110.776,0.7974,1.1913,-0.329380952380952,-0.84525,1.25,1.72,0.0559999999999998,0.30911
2017-10-01,1.3202,0.9821,112.9148,0.7788,1.1755,-0.3295454545454549,-0.925185222222222,1.26,1.7,0.063,0.3818699999999999
2017-11-01,1.3217,0.9915,112.819,0.762,1.1743,-0.3289999999999999,-0.9066421666666667,1.32,1.72,0.063,0.5185699999999999
2017-12-01,1.3404,0.987,112.9405,0.7648,1.1836,-0.3278947368421049,-0.8643055555555559,1.54,1.77,0.063,0.51871
2018-01-01,1.3824,0.9604,110.871,0.7956,1.2197,-0.328454545454546,-0.87154745,1.63,1.79,0.068,0.5224999999999999
2018-02-01,1.3961,0.9355,107.97,0.7867,1.234,-0.3285,-0.8715625,1.78,1.77,0.068,0.54683
2018-03-01,1.3976,0.948,106.0468,0.7759,1.2334,-0.3279047619047619,-0.79524075,2.08,1.93,0.0969999999999999,0.6284199999999999
2018-04-01,1.4079,0.9687,107.6562,0.7684,1.227,-0.32845,-0.80023515,2.2,2.06,0.0969999999999999,0.75629
2018-05-01,1.347,0.9969,109.6882,0.7525,1.1823,-0.3252272727272729,-0.7861774999999999,2.16,1.96,0.078,0.64355
2018-06-01,1.3294,0.99,110.0638,0.7498,1.1679,-0.3220476190476189,-0.7904771428571429,2.19,2.07,0.078,0.63868
2018-07-01,1.3162,0.9948,111.521,0.7403,1.1685,-0.3207272727272729,-0.780435909090909,2.17,2.02,0.0909999999999999,0.7461899999999999
2018-08-01,1.2878,0.988,110.9965,0.7325,1.1547,-0.319,-0.777280909090909,2.19,1.96,0.0909999999999999,0.8051899999999999
2018-09-01,1.3066,0.9683,112.0974,0.7206,1.1667,-0.31885,-0.7802838888888891,2.24,1.93,0.05,0.80093
2018-10-01,1.3012,0.994,112.7218,0.7111,1.1488,-0.3176956521739129,-0.831076428571429,2.37,1.93,0.05,0.80618
2018-11-01,1.29,1.0011,113.338,0.7247,1.1364,-0.316363636363636,-0.815,2.56,1.94,0.05,0.8748299999999998
2018-12-01,1.2664,0.9919,112.1994,0.7169,1.138,-0.311894736842105,-0.7759999999999999,2.69,2.02,0.05,0.90444
2019-01-01,1.2901,0.9897,108.9605,0.7151,1.1418,-0.308,-0.8135035555555559,2.59,2.07,0.0299999999999999,0.91822
2019-02-01,1.3016,1.0014,110.44,0.7136,1.1349,-0.30845,-0.7686175714285709,2.49,1.96,0.0299999999999999,0.8759799999999999
2019-03-01,1.3167,1.0005,111.1443,0.7082,1.1296,-0.309190476190476,-0.756575222222222,2.48,1.83,0.05,0.8399999999999999
2019-04-01,1.3029,1.0084,111.6414,0.7111,1.1234,-0.31045,-0.7475,2.47,1.68,0.05,0.82
2019-05-01,1.2855,1.0107,109.9714,0.6945,1.1187,-0.311863636363636,-0.7752624999999999,2.44,1.54,0.049,0.8
2019-06-01,1.2675,0.988,108.0685,0.6946,1.1295,-0.3289,-0.7805549999999999,2.3,1.29,0.049,0.78
2019-07-01,1.2461,0.988,108.2864,0.6978,1.1211,-0.3648695652173908,-0.8399999999999999,2.22,1.11,0.049,0.77
2019-08-01,1.216,0.9787,106.1886,0.6775,1.1129,-0.4076818181818179,-0.8074999999999999,2.06,0.98,0.0089999999999999,0.76
2019-09-01,1.2369,0.9906,107.54,0.6815,1.1011,-0.4175714285714289,-0.79125,2.03,0.98,0.0089999999999999,0.77
2019-10-01,1.2657,0.993,108.1368,0.6798,1.1058,-0.4128695652173908,-0.756590909090909,1.88,0.88,0.0089999999999999,0.78
2019-11-01,1.2884,0.9929,108.8579,0.6827,1.1051,-0.4012857142857139,-0.7056433333333328,1.77,0.91,0.0179999999999999,0.79
2019-12-01,1.3109,0.9826,109.101,0.6887,1.1114,-0.3947,-0.736666666666667,1.76,0.9,0.021,0.79
2020-01-01,1.3076,0.9698,109.2667,0.6851,1.1098,-0.391136363636364,-0.74875,1.65,0.89,0.021,0.7399999999999999
2020-02-01,1.2953,0.9762,110.0295,0.6664,1.0911,-0.4088499999999999,-0.7164475,1.59,0.89,0.021,0.75
2020-03-01,1.2369,0.9593,107.6673,0.6218,1.1046,-0.416636363636364,-0.675,1.35,0.53,0.006,0.53
2020-04-01,1.242,0.9701,107.7386,0.6312,1.0871,-0.25405,-0.6245833333333329,,0.17,-0.039,0.65
2020-05-01,1.2302,0.9692,107.2,0.6517,1.0907,-0.27195,-0.6633488888888889,0.17,0.1,-0.042,0.33
2020-06-01,1.2523,0.9513,107.5782,0.6899,1.1259,-0.376,-0.6658145,0.2,0.1,-0.042,0.19
2020-07-01,1.2701,0.9327,106.6818,0.704,1.1488,-0.444130434782609,-0.6907134782608699,0.18,0.1,-0.065,0.1
2020-08-01,1.3143,0.9099,106.0129,0.7203,1.1831,-0.4797142857142859,-0.7068071428571429,0.15,0.1,-0.065,0.07
2020-09-01,1.2947,0.9149,105.589,0.7224,1.1785,-0.4913636363636358,-0.7087140909090909,0.13,0.09,-0.055,0.06
2020-10-01,1.298,0.9124,105.2095,0.7121,1.1768,-0.509136363636364,-0.698181818181818,0.12,0.07,-0.055,0.05
2020-11-01,1.3198,0.911,104.4061,0.727,1.1826,-0.5208571428571429,-0.7299999999999999,0.16,0.02,-0.055,0.04
2020-12-01,1.3434,0.8884,103.7952,0.7532,1.2168,-0.538090909090909,-0.7427272727272729,0.17,0.02,-0.055,0.03
2021-01-01,1.3641,0.8865,103.7883,0.7726,1.2178,-0.54715,-0.7298379999999999,0.14,0.01,-0.055,0.03
2021-02-01,1.3867,0.8979,105.3774,0.7753,1.2094,-0.5411,-0.7324239999999999,0.11,0.01,-0.055,0.05
2021-03-01,1.3863,0.9298,108.6991,0.771,1.1902,-0.5390869565217389,-0.7299999999999999,0.1,0.03,-0.065,0.08
2021-04-01,1.3845,0.9218,109.0445,0.7701,1.1965,-0.53815,-0.7285415,0.11,0.04,-0.065,0.09
2021-05-01,1.4084,0.9027,109.112,0.7763,1.2146,-0.5400952380952379,-0.7352210526315789,0.1,0.04,-0.065,0.08
2021-06-01,1.4025,0.9078,110.1073,0.7643,1.2048,-0.542909090909091,-0.737727272727273,0.09,0.03,-0.0719999999999999,0.08
2021-07-01,1.3808,0.9174,110.2143,0.7417,1.1821,-0.5448181818181819,-0.736136363636364,0.1,0.02,-0.0719999999999999,0.08
2021-08-01,1.3797,0.9147,109.8527,0.7304,1.1767,-0.547590909090909,-0.7381818181818179,0.1,0.01,-0.0719999999999999,0.07
2021-09-01,1.3732,0.9228,110.161,0.7312,1.1765,-0.545045454545454,-0.82,0.1,0.01,-0.0719999999999999,0.07
2021-10-01,1.3701,0.9227,113.1215,0.7412,1.16,-0.5498095238095239,-0.726692380952381,0.11,0.04,-0.0719999999999999,0.16
2021-11-01,1.3463,0.9213,113.965,0.7307,1.1416,-0.5673636363636358,-0.6939609090909089,0.14,0.04,-0.0719999999999999,0.13
2021-12-01,1.3303,0.921,113.8329,0.7155,1.1301,-0.58195652173913,-0.7174565217391299,0.17,0.06,-0.049,0.16
2022-01-01,1.3555,0.9191,114.8255,0.718,1.1317,-0.560142857142857,-0.714190952380952,0.22,0.07,-0.049,0.53
2022-02-01,1.354,0.9228,115.2763,0.7169,1.1349,-0.5315000000499999,-0.6847919999999998,0.38,0.07,-0.049,0.81
2022-03-01,1.3168,0.9294,118.5774,0.7374,1.1019,-0.495434782608696,-0.6821743478260869,0.73,0.17,-0.049,0.99
2022-04-01,1.2933,0.945,126.3743,0.7364,1.0803,-0.447894736842105,-0.6724999999999999,0.91,0.41,-0.049,1.13
2022-05-01,1.2438,0.9804,128.8486,0.7041,1.0567,-0.3857272727272729,-0.685,1.33,1.0,-0.049,1.31
2022-06-01,1.232,0.9702,133.9619,0.7025,1.0567,-0.2392272727272729,-0.508571428571429,1.87,1.6,0.005,1.57
2022-07-01,1.1987,0.9701,136.709,0.6856,1.0168,0.0366190476190476,-0.11,2.5,2.07,-0.031,1.84
2022-08-01,1.1983,0.9574,135.2835,0.6961,1.0129,0.3947391304347829,-0.0245454545454544,2.76,2.31,-0.02,2.23
2022-09-01,1.132,0.9733,143.2843,0.6671,0.9899,1.01086363636364,0.1474999999999999,3.21,2.76,-0.016,2.91
2022-10-01,1.1332,0.9949,147.0515,0.637,0.9853,1.4276666666666695,0.52875,3.85,2.95,-0.016,3.39
2022-11-01,1.1727,0.966,142.445,0.6596,1.0192,1.82522727272727,0.54,4.46,3.06,-0.016,3.52
2022-12-01,1.218,0.9316,134.9148,0.6748,1.0591,2.06347619047619,0.7363490476190478,4.51,3.17,-0.0149999999999999,3.78
2023-01-01,1.2237,0.9241,130.4475,0.6955,1.0777,2.34486363636364,0.986904761904762,4.61,3.32,-0.006,4.01
2023-02-01,1.2084,0.9258,133.0463,0.6893,1.0702,2.64035,1.0,4.74,3.46,0.001,4.21
2023-03-01,1.2138,0.9255,133.6643,0.6676,1.0711,2.9105652173913104,1.3638226086956495,4.91,3.64,-0.008,4.33
2023-04-01,1.2446,0.8985,133.4745,0.6688,1.0962,3.167,1.45,5.03,3.66,-0.001,4.52
2023-05-01,1.2484,0.8977,137.0532,0.6643,1.0867,3.3664347826087004,1.45,5.15,3.9,-0.019,4.73
2023-06-01,1.2627,0.9004,141.3581,0.6713,1.084,3.5358636363636404,1.59045454545455,5.22,4.25,-0.003,5.09
2023-07-01,1.2893,0.8723,140.936,0.6742,1.1067,3.67180952380952,1.72,5.35,4.3,-0.003,5.49
2023-08-01,1.2706,0.8783,144.7804,0.6486,1.091,3.78030434782609,1.7672727272727295,5.44,4.15,-0.003,5.53
2023-09-01,1.2381,0.8996,147.845,0.6425,1.0672,3.88004761904762,1.77,5.49,4.13,0.024,5.52
2023-10-01,1.2175,0.9035,149.5933,0.6347,1.0565,3.9676363636363594,1.77,5.46,4.21,-0.012,5.4
2023-11-01,1.2437,0.8902,149.679,0.6508,1.0819,3.9716363636363594,1.7318181818181797,5.41,4.38,0.024,5.36
2023-12-01,1.2657,0.8648,143.9815,0.6693,1.0909,3.93309523809524,1.6525,5.32,4.35,0.0519999999999999,5.22
2024-01-01,1.2701,0.8591,146.2943,0.6636,1.0899,3.9252727272727297,1.6852380952381,5.26,4.35,0.025,5.2
2024-02-01,1.263,0.8771,149.615,0.6522,1.0793,3.92319047619048,1.7,5.22,4.34,0.027,5.21
2024-03-01,1.2713,0.8886,149.8186,0.6558,1.087,3.9223809523809505,1.5,5.29,4.35,0.109,5.2
2024-04-01,1.2517,0.9099,153.89,0.6507,1.0724,3.88636363636364,1.5,5.33,4.37,0.109,5.18
2024-05-01,1.2636,0.9088,155.8691,0.6626,1.081,3.81365217391304,1.5,5.33,4.36,0.129,5.16
2024-06-01,1.2716,0.8938,157.86,0.6642,1.0763,3.7245,1.4269999999999998,5.28,4.39,0.1489999999999999,5.16
2024-07-01,1.287,0.8917,157.5182,0.6673,1.0847,3.68482608695652,1.19347826086957,5.31,4.46,0.166,5.09
2024-08-01,1.2945,0.8579,146.2641,0.6658,1.102,3.54759090909091,1.06647238095238,5.12,4.38,0.255,4.91
2024-09-01,1.3219,0.8472,142.954,0.677,1.1104,3.43371428571428,1.02214285714286,4.86,4.42,0.256,4.84
2024-10-01,1.3043,0.8613,149.8909,0.67,1.0895,3.16660869565217,0.894492608695652,4.62,4.41,0.256,4.75
2024-11-01,1.2738,0.8809,153.7126,0.6528,1.0621,3.0067619047618996,0.8065080952380949,4.53,4.42,0.3619999999999999,4.68
2024-12-01,1.2647,0.8916,153.8143,0.6334,1.0472,2.81609090909091,0.60075,4.46,4.44,0.386,4.64
