fic_AUSTRALIA,date,currency_AUSTRALIA,mportret_AUSTRALIA,mportretx_AUSTRALIA,fic_SWITZERLAND,currency_SWITZERLAND,mportret_SWITZERLAND,mportretx_SWITZERLAND,fic_GERMANY,currency_GERMANY,mportret_GERMANY,mportretx_GERMANY,fic_FRANCE,currency_FRANCE,mportret_FRANCE,mportretx_FRANCE,fic_UNITED KINGDOM,currency_UNITED KINGDOM,mportret_UNITED KINGDOM,mportretx_UNITED KINGDOM,fic_JAPAN,currency_JAPAN,mportret_JAPAN,mportretx_JAPAN,rm_US,rf_US
AUS,2002-01-31,AUD,0.0273578567123433,0.0273132504327746,CHE,CHF,-0.022126282958603,-0.0221460495397822,DEU,EUR,0.0122772448974048,0.0114909315941775,FRA,EUR,-0.0271048470538515,-0.0273056737297807,GBR,GBP,-0.0108660983464209,-0.0117199174085361,JPN,JPY,-0.0566551493852198,-0.0567096311132649,-0.015966,0.0014079106687149168
AUS,2002-02-28,AUD,-0.0018319390110898,-0.0043578687246637,CHE,CHF,0.0116607106801984,0.0116456860659561,DEU,EUR,-0.0088072174941973,-0.0088160069403171,FRA,EUR,-0.0043939683103316,-0.0044474920822872,GBR,GBP,-0.0033406566422105,-0.0070717254846763,JPN,JPY,0.0422556652611594,0.041997671833809,-0.0217,0.0014438781990535835
AUS,2002-03-28,AUD,0.0051988096598551,-0.0019141564953178,CHE,CHF,0.0487594285752155,0.0455697799877581,DEU,EUR,0.0493281249743591,0.0484695259424263,FRA,EUR,0.0520810150414652,0.0519427041577014,GBR,GBP,0.0389300664240621,0.0336609706282295,JPN,JPY,0.0531190903485789,0.0482940937342974,0.044698,0.0014248363799142503
AUS,2002-04-30,AUD,-0.0143019767040389,-0.0154244721555412,CHE,CHF,-0.0041086008860554,-0.0079612276060265,DEU,EUR,-0.0450305092727989,-0.0470927763169241,FRA,EUR,-0.0439877141991816,-0.0457546292187748,GBR,GBP,-0.0133618831903719,-0.015411030865544,JPN,JPY,0.0205859786987638,0.0205737687094975,-0.0496,0.0014606291474173333
AUS,2002-05-31,AUD,-0.0002037861063343,-0.0017515747682255,CHE,CHF,0.002962876773781,-0.0006387404709223,DEU,EUR,-0.0257027572508258,-0.0330684684307178,FRA,EUR,-0.0280161336111519,-0.035486643213485,GBR,GBP,-0.0114824630570923,-0.0139372028172346,JPN,JPY,0.0359872785166486,0.0359202083940817,-0.01051,0.0014079106687149168
AUS,2002-06-28,AUD,-0.0267563287945618,-0.031932876447877,CHE,CHF,-0.0816869727966006,-0.0820697235002388,DEU,EUR,-0.0686820643034027,-0.0724630385170843,FRA,EUR,-0.0808061469876163,-0.0866726983841905,GBR,GBP,-0.0825249645920961,-0.084101906879394,JPN,JPY,-0.083764442040082,-0.0839605094130928,-0.070259,0.0013888379127945
AUS,2002-07-31,AUD,-0.0378156425170485,-0.0419479129724681,CHE,CHF,-0.132371446432722,-0.1353353346009413,DEU,EUR,-0.1088935054266933,-0.1129515404641794,FRA,EUR,-0.1040689705811716,-0.1052579612278063,GBR,GBP,-0.0895299311778891,-0.0913919419888487,JPN,JPY,-0.0577201211193979,-0.0579604325267094,-0.081125,0.001416406479270333
AUS,2002-08-30,AUD,0.0162078657910129,0.012460989048832,CHE,CHF,0.0050825331960735,0.0010024834145279,DEU,EUR,-0.0028961275210293,-0.0033875428870338,FRA,EUR,-0.0046208046848709,-0.0046292022986141,GBR,GBP,0.0028739715074859,-0.0029162808957975,JPN,JPY,-0.0244109544124826,-0.0245912721282992,0.007949,0.0013803757517530833
AUS,2002-09-30,AUD,-0.039544643831669,-0.0469222497019461,CHE,CHF,-0.0894634215447588,-0.0898111713213033,DEU,EUR,-0.2049060347087815,-0.205151894832621,FRA,EUR,-0.1486060307348732,-0.148650900527505,GBR,GBP,-0.1144181698518124,-0.1163804121239758,JPN,JPY,-0.0212002672687715,-0.0247365612792159,-0.099923,0.0013083661510795833
AUS,2002-10-31,AUD,0.0121258457931743,0.0093939528563988,CHE,CHF,0.0303849245164011,0.0303685852212842,DEU,EUR,0.1037245988851792,0.1037245988851794,FRA,EUR,0.110464698817814,0.1102100773391177,GBR,GBP,0.0745089329312507,0.0729015466070535,JPN,JPY,-0.0611858627969202,-0.0611982126937863,0.07494,0.00118367611059
AUS,2002-11-29,AUD,-0.0055211553325011,-0.0107485858223136,CHE,CHF,0.0379362198112114,0.0379362198112109,DEU,EUR,0.0276620489793661,0.02760071195735,FRA,EUR,0.0461912297247455,0.0461705175518609,GBR,GBP,0.0320427904130449,0.0294417024593858,JPN,JPY,0.0339108776294678,0.033831690553832,0.061282,0.0010144638603899166
AUS,2002-12-31,AUD,-0.0099403898891259,-0.0186958103009329,CHE,CHF,-0.0858467472739915,-0.0858930198599742,DEU,EUR,-0.0960670125444518,-0.0961180041729966,FRA,EUR,-0.0645350633437458,-0.0649802829644661,GBR,GBP,-0.0509854378739671,-0.052256132016291,JPN,JPY,-0.0532150366891683,-0.053596525018288,-0.053334,0.0009467381762035001
AUS,2003-01-31,AUD,-0.0139794332754886,-0.0141019812587086,CHE,CHF,-0.0501240406141364,-0.050124040614137,DEU,EUR,-0.0333683941450326,-0.034838000219488,FRA,EUR,-0.0408720251585658,-0.0409480100941194,GBR,GBP,-0.088495499270603,-0.0892524404313944,JPN,JPY,-0.0257961521996423,-0.025866205502676,-0.023367,0.0009552551958717499
AUS,2003-02-28,AUD,-0.0531121013817724,-0.056321638060779,CHE,CHF,-0.0527775989862302,-0.052910212485326,DEU,EUR,-0.0530390796794041,-0.0535169345152396,FRA,EUR,-0.052369477298895,-0.0523982736749105,GBR,GBP,0.0274328208924294,0.0222961167444146,JPN,JPY,-0.0029480540075094,-0.003279315455408,-0.015417,0.00099543207658025
AUS,2003-03-31,AUD,0.0399954006796401,0.0194899874308001,CHE,CHF,-0.0085240931522223,-0.0134188926191113,DEU,EUR,-0.0370581089125914,-0.0372889529099528,FRA,EUR,-0.0437749936565013,-0.0440070040614286,GBR,GBP,-0.0044806719759071,-0.0117264900999283,JPN,JPY,-0.0308369017797841,-0.0370045673695699,0.010321,0.0009509815394252501
AUS,2003-04-30,AUD,0.0458700420257365,0.0448148024402053,CHE,CHF,0.1207559097102815,0.1097605173632772,DEU,EUR,0.168037364399549,0.1602448918624295,FRA,EUR,0.1133562378549047,0.1092670525776727,GBR,GBP,0.09095430651634,0.0872554930310542,JPN,JPY,0.0151953821420991,0.0151744460186766,0.082768,0.0009108785554787501
AUS,2003-05-30,AUD,0.0050793478297137,0.0025919443372535,CHE,CHF,0.0088827502727122,0.0050413536882194,DEU,EUR,0.0227743581568697,0.0134273910226043,FRA,EUR,0.0324044178522922,0.0211007183283682,GBR,GBP,0.0430000303545625,0.0399601098813868,JPN,JPY,0.0495495339285505,0.0494444061431544,0.063471,0.0009341101938983333
AUS,2003-06-30,AUD,0.0183981571892151,0.0120014663093872,CHE,CHF,0.035791190763649,0.035485498071565,DEU,EUR,0.0672876170250966,0.0608761066553638,FRA,EUR,0.0340942273782896,0.0277128700275608,GBR,GBP,0.003323250587577,0.0014360056485931,JPN,JPY,0.0775360481432572,0.077225327885454,0.016346,0.0006613628909158667
AUS,2003-07-31,AUD,0.0355094093634993,0.0351104390599765,CHE,CHF,0.0482237649652661,0.0477964826668306,DEU,EUR,0.0612692652291364,0.0606153579780588,FRA,EUR,0.0365150685747293,0.0360353175282894,GBR,GBP,0.0360817548315528,0.0335835495184866,JPN,JPY,0.0407771983750886,0.0407373924053566,0.023112,0.0007332664388860418
AUS,2003-08-29,AUD,0.0283455013445941,0.0249028712701335,CHE,CHF,0.0211396601497071,0.0201782893623077,DEU,EUR,0.0102391246337092,0.0097280027173767,FRA,EUR,0.0340662546960599,0.034056344815726,GBR,GBP,0.0132032281459415,0.006648455371687,JPN,JPY,0.0644342285650045,0.0641653192516829,0.024965,0.0008093648543406666
AUS,2003-09-30,AUD,0.0076289674980729,-0.0009170188263768,CHE,CHF,-0.0151862294368445,-0.015569995267517,DEU,EUR,-0.0450604718601376,-0.0453295547964239,FRA,EUR,-0.0397981037303328,-0.0399148589874853,GBR,GBP,-0.0131927674224642,-0.0152369187659484,JPN,JPY,0.0253828767605226,0.0217240499870174,-0.00912,0.000709970740982075
AUS,2003-10-31,AUD,0.0350265378664866,0.0335724338404723,CHE,CHF,0.0419966269646943,0.0419813534764033,DEU,EUR,0.0968750058583287,0.0943712126607307,FRA,EUR,0.0668841352294418,0.0667555211779533,GBR,GBP,0.0467469546027374,0.0454914631236367,JPN,JPY,0.026224547792194,0.026207849254735,0.060361,0.0007628540949724334
AUS,2003-11-28,AUD,-0.0155898663902759,-0.0213423547982624,CHE,CHF,0.0178165000438175,0.0177891916928549,DEU,EUR,0.0162264450383657,0.0161791700314126,FRA,EUR,0.0133752336992691,0.0133562068322121,GBR,GBP,0.0142428412878394,0.0113950387123971,JPN,JPY,-0.039106878486864,-0.0391730840033187,0.016594,0.0007501790155767583
AUS,2003-12-31,AUD,0.0359467906545316,0.0299687259979428,CHE,CHF,0.0264364543927002,0.0263858786151369,DEU,EUR,0.0344701634221997,0.0344157920660077,FRA,EUR,0.0329625228495888,0.0327539322035379,GBR,GBP,0.0288852368308736,0.0274900465536105,JPN,JPY,0.0425679548201061,0.0421038819660803,0.045476,0.0006888802939033332
AUS,2004-01-30,AUD,-0.0068556234967028,-0.0068955049318288,CHE,CHF,0.0489080901351843,0.0489080901351841,DEU,EUR,0.0369963771420345,0.0353526429449952,FRA,EUR,0.0288847298178338,0.0288081670794293,GBR,GBP,-0.0105483119872013,-0.0111489874037146,JPN,JPY,0.0055082282701006,0.0054737255600469,0.023042,0.0006888646882905583
AUS,2004-02-27,AUD,0.0294588702369735,0.0257925379692201,CHE,CHF,0.0155280607305687,0.011873211872122,DEU,EUR,-0.0025185256449999,-0.0025383691603966,FRA,EUR,0.0266833972125588,0.0266597794101524,GBR,GBP,0.0280126458370872,0.0250207919914966,JPN,JPY,0.0319506839733518,0.0316551230096746,0.015443,0.000777652710661175
AUS,2004-03-31,AUD,0.0227720560677517,0.014400860713795,CHE,CHF,-0.0244034555482284,-0.0246087233430831,DEU,EUR,-0.0307257721013177,-0.0308790648695217,FRA,EUR,-0.0190271936722935,-0.0191906434771789,GBR,GBP,-0.0126587682121496,-0.0204197212677087,JPN,JPY,0.0976767846087387,0.0899798515851291,-0.010662,0.0007692157870303417
AUS,2004-04-30,AUD,-0.0086674420769722,-0.0100697289752675,CHE,CHF,0.0302479372291695,0.0200252915706358,DEU,EUR,0.0281226188282464,0.0211109040090302,FRA,EUR,0.0091955041296922,0.0080638829565116,GBR,GBP,0.0244207148083757,0.0223415119082546,JPN,JPY,0.0279244539639438,0.0279086623441162,-0.024222,0.0006740675412496166
AUS,2004-05-28,AUD,0.0115246291126058,0.0096515637032632,CHE,CHF,-0.0219713431973429,-0.0239649127522314,DEU,EUR,-0.0130670039022717,-0.0191709018824933,FRA,EUR,0.0101372719144603,-0.0026523112428878,GBR,GBP,-0.0130418358175016,-0.0159483320755479,JPN,JPY,-0.03964223330639,-0.0397110088728485,0.014068,0.0007565119060436417
AUS,2004-06-30,AUD,0.0317236487642718,0.0261635663667869,CHE,CHF,0.0070524104171778,0.0064241629072447,DEU,EUR,0.0285929758777454,0.0257188017123992,FRA,EUR,0.0259454958997822,0.0193375798257433,GBR,GBP,0.013588153424092,0.0111321016073908,JPN,JPY,0.0468089784746885,0.0464999385554296,0.021611,0.0009404827313135001
AUS,2004-07-30,AUD,0.0084137244924331,0.0080965628600016,CHE,CHF,-0.0199169521616976,-0.0216784119181112,DEU,EUR,-0.0304907240264249,-0.0312019668506239,FRA,EUR,-0.0186637070629227,-0.0189420113404335,GBR,GBP,-0.014752626483981,-0.0165099695939353,JPN,JPY,-0.0449140863646365,-0.0449504535892135,-0.037698,0.0010652172633845002
AUS,2004-08-31,AUD,0.0205787036180291,0.0140422867694665,CHE,CHF,-0.0167928590312709,-0.017100730496755,DEU,EUR,-0.025676547008565,-0.0260599845013658,FRA,EUR,-0.00870554641046,-0.008716103617986,GBR,GBP,0.0157143008445286,0.0089969881598959,JPN,JPY,-0.0090223299891986,-0.0092216931531954,0.002703,0.0012004789420591668
AUS,2004-09-30,AUD,0.0362566414187381,0.0318170433818352,CHE,CHF,0.0074893067415298,0.0070604858675766,DEU,EUR,0.0239260994629404,0.0231427395135634,FRA,EUR,0.0140860460997294,0.0140081208444871,GBR,GBP,0.0257449853913336,0.0239797876891694,JPN,JPY,-0.0233058755798734,-0.0270635857860135,0.020556,0.0012154039017918334
AUS,2004-10-29,AUD,0.0373105075748774,0.0361806733048359,CHE,CHF,-0.0125784145499179,-0.0125972796495897,DEU,EUR,0.0128427934250434,0.0128427934250436,FRA,EUR,0.0170118794728229,0.0167739551766124,GBR,GBP,0.0139154326673445,0.0124537349384057,JPN,JPY,-0.0159259260909746,-0.0159541131802069,0.017806,0.0014565380828704165
AUS,2004-11-30,AUD,0.0462409293668328,0.0405898111013511,CHE,CHF,0.0194465936903247,0.0194465936903249,DEU,EUR,0.0407678192582652,0.0407628644596795,FRA,EUR,0.015554521806619,0.0139157897537005,GBR,GBP,0.0219189692077359,0.0182838628778307,JPN,JPY,0.0128775419513662,0.0127991805589551,0.048214,0.0016933403574799165
AUS,2004-12-31,AUD,0.0263772666682806,0.0261909312087849,CHE,CHF,0.038918256447276,0.0389182564472758,DEU,EUR,0.0272857090346847,0.0271484947260014,FRA,EUR,0.0228371060509604,0.0213340956166276,GBR,GBP,0.0288483709954545,0.0267730490582098,JPN,JPY,0.047838831969873,0.0473740759500895,0.03517,0.0015898377666132499
AUS,2005-01-31,AUD,0.019669367714785,0.0195023436968953,CHE,CHF,0.0240910111981858,0.0240910111981862,DEU,EUR,0.0092856698940231,0.006188754638438,FRA,EUR,0.0307185370757063,0.0279789952791709,GBR,GBP,0.0120977726035236,0.0114203096824796,JPN,JPY,-0.0012377312614723,-0.0012754014479281,-0.026546,0.00180130523023725
AUS,2005-02-28,AUD,0.0229697127891266,0.0170804398565913,CHE,CHF,0.0349908403202401,0.0349054292668342,DEU,EUR,0.0253543236259601,0.0253102912220777,FRA,EUR,0.0342223712864864,0.0341717064704363,GBR,GBP,0.0245354768232848,0.0206384830730859,JPN,JPY,0.0256010204679533,0.0252988238261648,0.022646,0.0020806767845999168
AUS,2005-03-31,AUD,-0.0089294206982172,-0.016747862924195,CHE,CHF,-0.0032937605176366,-0.0074801214747828,DEU,EUR,-0.0030681104078745,-0.0032313700067291,FRA,EUR,0.0082029426420904,0.007610932149489,GBR,GBP,-0.0081886199940289,-0.0147842542862956,JPN,JPY,0.0108469688678376,0.0044108652716994,-0.016944,0.0021656591247663334
AUS,2005-04-29,AUD,-0.0327743954879274,-0.0337223531572193,CHE,CHF,-0.0135899007414295,-0.0235189306393283,DEU,EUR,-0.030228888832145,-0.040589582632097,FRA,EUR,-0.027646432935165,-0.0296470462119528,GBR,GBP,-0.0196316922923089,-0.0216860552031796,JPN,JPY,-0.0417851584160396,-0.0418067603150369,-0.025206,0.002258751885871833
AUS,2005-05-31,AUD,0.0270945597808278,0.0251491378608863,CHE,CHF,0.0383905142526119,0.0337859155721673,DEU,EUR,0.0565773315991884,0.0485004838555847,FRA,EUR,0.0616427370179824,0.0488031860836555,GBR,GBP,0.0371553499767034,0.0335745673346188,JPN,JPY,0.0116715336594064,0.0115992401940991,0.037954,0.0022922884250915834
AUS,2005-06-30,AUD,0.0453073861166049,0.0398722427031041,CHE,CHF,0.0215269862415443,0.0209315126474169,DEU,EUR,0.0297372791355412,0.0277490711874444,FRA,EUR,0.0321266441903576,0.0272159751005658,GBR,GBP,0.0318828918870648,0.0288523470306349,JPN,JPY,0.0302023489853418,0.0298456532600017,0.011529,0.0024875846469055
AUS,2005-07-29,AUD,0.0046858574507193,0.0040423250273746,CHE,CHF,0.0539923663434023,0.0526201458881592,DEU,EUR,0.0625058994718201,0.0618572065056197,FRA,EUR,0.0509313879720312,0.0501075269459549,GBR,GBP,0.033915127290188,0.0328892048145554,JPN,JPY,0.0163542767635915,0.0163164165603941,0.043358,0.0026908483384770836
AUS,2005-08-31,AUD,0.0182033571390931,0.0126573082502201,CHE,CHF,-0.009147631543739,-0.0096156453902863,DEU,EUR,-0.0083644621603138,-0.0085262703329789,FRA,EUR,-0.0155073201055941,-0.0155157640988513,GBR,GBP,0.0085081564160722,0.0021483026815103,JPN,JPY,0.0530144536897492,0.0528554499394693,-0.005958,0.0027843281057316665
AUS,2005-09-30,AUD,0.0500135883625469,0.04184361680608,CHE,CHF,0.0609091285570189,0.0598218163579393,DEU,EUR,0.0353340584138763,0.0352175476916676,FRA,EUR,0.0421948585180098,0.042155325491985,GBR,GBP,0.0311813807269785,0.0295530069512204,JPN,JPY,0.1224710435452152,0.1178814304165123,0.0106,0.002654832328395083
AUS,2005-10-31,AUD,-0.0353566338881405,-0.0363438250218428,CHE,CHF,0.0047460508024412,0.0047460508024415,DEU,EUR,-0.0242299835878062,-0.0242763227542118,FRA,EUR,-0.0382499885089543,-0.038478468733941,GBR,GBP,-0.0238501409837695,-0.0245852821210119,JPN,JPY,0.0241542910455954,0.0241181132428476,-0.020866,0.0030802929924755836
AUS,2005-11-30,AUD,0.0379539664926458,0.0308539006807759,CHE,CHF,0.0494688630610999,0.0494688630610997,DEU,EUR,0.0409472264848602,0.0408900210671197,FRA,EUR,0.0312637136549462,0.0289707457484895,GBR,GBP,0.0299169539144819,0.0258665996843243,JPN,JPY,0.0628954454890655,0.0628381324197522,0.040326,0.0033088016057356666
AUS,2005-12-30,AUD,0.0277147560304009,0.0250891765635796,CHE,CHF,0.0289943693499359,0.0289943693499361,DEU,EUR,0.0372955345228656,0.0371104564219602,FRA,EUR,0.0326556663036208,0.0322934489383806,GBR,GBP,0.0414797881559112,0.0397632936773455,JPN,JPY,0.0786322674191288,0.0781934283936189,0.003458,0.003288502004898
AUS,2006-01-31,AUD,0.036075591350799,0.0360233427975156,CHE,CHF,0.034397505428285,0.0343807283434949,DEU,EUR,0.0558661899656922,0.0542064163781361,FRA,EUR,0.0460088566378107,0.0458884318935102,GBR,GBP,0.020569652211007,0.0200504992198344,JPN,JPY,0.032675896226517,0.0326420356180605,0.040072,0.003605709483371417
AUS,2006-02-28,AUD,0.0093612275452803,0.0012262865991661,CHE,CHF,0.0216993017923454,0.0216348384997777,DEU,EUR,0.0325618639669191,0.032504724035091,FRA,EUR,0.0135612634053043,0.0135318875060628,GBR,GBP,0.0214734946406551,0.0177179421767852,JPN,JPY,-0.033121757083068,-0.0333094553484988,-0.001639,0.003686264847309084
AUS,2006-03-31,AUD,0.043072666377202,0.0379492808154062,CHE,CHF,0.0270305743565808,0.023040473952288,DEU,EUR,0.0314544781275327,0.0312902969874819,FRA,EUR,0.0421849102208025,0.0420246364260914,GBR,GBP,0.0352390984542048,0.0271935227491362,JPN,JPY,0.0473491813790731,0.0413685304844337,0.019065,0.00382715615810725
AUS,2006-04-28,AUD,0.0276009832607258,0.0271130099173129,CHE,CHF,0.0179990674691168,0.0091968569027423,DEU,EUR,0.0079914023166967,0.004097047966231,FRA,EUR,0.0017975570514665,0.0012197878453208,GBR,GBP,0.0080486777976782,0.003735211319289,JPN,JPY,-0.0095192852532697,-0.0095588079326752,0.013,0.0038441269128013334
AUS,2006-05-31,AUD,-0.0437242742848478,-0.04627555632564,CHE,CHF,-0.0555687741077168,-0.0594310514674708,DEU,EUR,-0.0495518229397237,-0.0640724505743106,FRA,EUR,-0.0388625861026562,-0.0553507792882722,GBR,GBP,-0.0466585372905813,-0.0499658938982715,JPN,JPY,-0.0789468360794221,-0.0790046261829866,-0.031032,0.00391251711206825
AUS,2006-06-30,AUD,0.0180526780958569,0.0123401440059793,CHE,CHF,-0.0032135698738009,-0.0043744655877546,DEU,EUR,-0.0060404336230529,-0.0081527381442521,FRA,EUR,0.0116952003187844,0.0054220928999582,GBR,GBP,0.0200283404867314,0.0165326269653622,JPN,JPY,0.0023713796960718,0.0020063475296756,-0.000391,0.0039035270896056666
AUS,2006-07-31,AUD,-0.0122670180431379,-0.0136819652120314,CHE,CHF,0.0296145909295553,0.0277649083149222,DEU,EUR,0.0033045283266233,0.0027507534940063,FRA,EUR,0.0097619611434782,0.009088600458929,GBR,GBP,0.0133473378003032,0.0064637011725161,JPN,JPY,-0.0152877795352631,-0.0153364007820578,-0.001912,0.004193694046823917
AUS,2006-08-31,AUD,0.0332249964603399,0.0253775127227149,CHE,CHF,0.0293594106083798,0.0288594451656474,DEU,EUR,0.0274315796341431,0.0270800274320279,FRA,EUR,0.0322347832921947,0.0322281279096683,GBR,GBP,0.0074559900177266,0.0008011732533317,JPN,JPY,0.0412409650542233,0.0410317863329683,0.025042,0.004137204905360833
AUS,2006-09-29,AUD,0.0133692174054915,0.0075220509294684,CHE,CHF,0.0428711345238304,0.041938946513701,DEU,EUR,0.0315420271209303,0.0314055418356507,FRA,EUR,0.0168021892061014,0.0166308766939133,GBR,GBP,0.017714734687708,0.0157138258222049,JPN,JPY,-0.0095535254658338,-0.0140311157345876,0.019425,0.00387382650819675
AUS,2006-10-31,AUD,0.0455099956152307,0.043431227941542,CHE,CHF,0.0231209601359272,0.0231209601359272,DEU,EUR,0.0358601058334588,0.0358578535099454,FRA,EUR,0.0214730225885668,0.0212824789219112,GBR,GBP,0.0286334087698882,0.0265937694219948,JPN,JPY,0.0059429883210309,0.0059012390031309,0.037153,0.004292670551337334
AUS,2006-11-30,AUD,0.0245362491455505,0.0199322206255603,CHE,CHF,-0.003701534726373,-0.003701534726373,DEU,EUR,0.0055279994608785,0.0055075539461999,FRA,EUR,0.0057862795249912,0.0021581246973234,GBR,GBP,-0.0020377433390836,-0.0061837286118254,JPN,JPY,-0.0087004336328743,-0.0087699408798285,0.023737,0.004149939087849417
AUS,2006-12-29,AUD,0.0379751723345149,0.0356548968102503,CHE,CHF,0.0467568258060973,0.0467568258060973,DEU,EUR,0.0476757588654799,0.0476478579338546,FRA,EUR,0.0446811248297616,0.0441984216976107,GBR,GBP,0.0339788635404252,0.0331686353545774,JPN,JPY,0.0477949721230226,0.0472373229730136,0.010857,0.003973539504595
AUS,2007-01-31,AUD,0.019179548216871,0.0190940880246348,CHE,CHF,0.0417253983256689,0.0416287116967633,DEU,EUR,0.0341450296560938,0.0325749070182241,FRA,EUR,0.010867063474482,0.0107741452922125,GBR,GBP,-0.0016822355876047,-0.0024994048350442,JPN,JPY,0.0242974264523307,0.0242530561446352,0.019387,0.004167204193588583
AUS,2007-02-28,AUD,0.0173115681518532,0.0107949516660983,CHE,CHF,-0.0333636485539898,-0.0333636485539904,DEU,EUR,-0.0068505112018263,-0.0070075652731182,FRA,EUR,-0.0103430683857045,-0.0105692199341416,GBR,GBP,-0.0016778153859673,-0.0040900616914673,JPN,JPY,0.0161199037473331,0.015868787326627,-0.014006,0.0042860844432667505
AUS,2007-03-30,AUD,0.034721325755519,0.0294403574542703,CHE,CHF,0.0331386885914222,0.0292854831417985,DEU,EUR,0.0334929026587271,0.033243107605452,FRA,EUR,0.0318992481535951,0.0318566634116292,GBR,GBP,0.0322309498872903,0.0241544518956025,JPN,JPY,-0.0152608179862169,-0.021322160437064,0.012954,0.004209076028679584
AUS,2007-04-30,AUD,0.0304102419602079,0.029958765792736,CHE,CHF,0.0597020530701863,0.0486618209291713,DEU,EUR,0.0537072983490241,0.0468160665617003,FRA,EUR,0.04686050153007,0.0453425393413429,GBR,GBP,0.023362965992367,0.020805178548958,JPN,JPY,-0.0096204901711884,-0.0096550949694577,0.039834,0.003962155783818583
AUS,2007-05-31,AUD,0.0290061305364945,0.0261622565055386,CHE,CHF,0.0125635294638513,0.0080070013462894,DEU,EUR,0.0512201734194446,0.0351759971719283,FRA,EUR,0.0432192391757957,0.0288625454784317,GBR,GBP,0.0256897044396542,0.0218908377451834,JPN,JPY,0.0277769951901867,0.0277068331136987,0.038953,0.003912265109947417
AUS,2007-06-29,AUD,0.0007461538842414,-0.0077967359327516,CHE,CHF,-0.0226837721163888,-0.0229608221277591,DEU,EUR,0.0065954472048663,0.0056684975765342,FRA,EUR,0.0051760916823868,-0.0015523132996044,GBR,GBP,-0.0115276173028217,-0.01485785572476,JPN,JPY,0.0106002468919863,0.0101560815454611,-0.014747,0.0037762458255555837
AUS,2007-07-31,AUD,-0.0175355169674377,-0.0177081368698761,CHE,CHF,-0.0346791455501123,-0.0354958500072094,DEU,EUR,-0.0383244527191807,-0.0391735844287182,FRA,EUR,-0.0461963577483096,-0.0470391464709675,GBR,GBP,-0.0348730594418079,-0.0366126912662767,JPN,JPY,-0.0399949479302852,-0.0400456418920024,-0.03179,0.004254573966568
AUS,2007-08-31,AUD,0.0128445862631769,0.0053771951406915,CHE,CHF,-0.0065023077522755,-0.0069465033503898,DEU,EUR,-0.0037361279360405,-0.0042656479568844,FRA,EUR,-0.0177519396727169,-0.0177968990935009,GBR,GBP,-0.0018038464316533,-0.0081995993756311,JPN,JPY,-0.0547786190773363,-0.0551160039058326,0.011593,0.00346024232193775
AUS,2007-09-28,AUD,0.0543308401731963,0.0498640444561144,CHE,CHF,0.0046600249531523,0.0037943135990401,DEU,EUR,0.0207006628945518,0.0206400151014194,FRA,EUR,0.0031116676913609,0.0029250031684811,GBR,GBP,0.0134316094767552,0.0117538873431233,JPN,JPY,0.0095768930262427,0.0041873874546021,0.040822,0.0028688310860923334
AUS,2007-10-31,AUD,0.0330520259724711,0.0321296494087883,CHE,CHF,0.0213975692012713,0.0213782256482406,DEU,EUR,0.0259895434824677,0.0259855835990026,FRA,EUR,0.0280400773974731,0.0278918853140879,GBR,GBP,0.0436642453648814,0.0416736167154823,JPN,JPY,0.0079777914565286,0.0077803615639009,0.02591,0.003318545644357917
AUS,2007-11-30,AUD,-0.036020881859195,-0.0398795162038317,CHE,CHF,-0.0389027628376307,-0.0389027628376307,DEU,EUR,-0.0237011785053427,-0.0237100150028904,FRA,EUR,-0.0282800331463259,-0.0312453109959044,GBR,GBP,-0.0427650151545442,-0.0455934739343213,JPN,JPY,-0.0544867547251886,-0.0545640598608047,-0.049362,0.0026823738527157496
AUS,2007-12-31,AUD,-0.0209903316902998,-0.0299446312147567,CHE,CHF,-0.0245484165771375,-0.0245484165771379,DEU,EUR,0.0139647991191582,0.0139558846027723,FRA,EUR,-0.0111045181990232,-0.0118688483962319,GBR,GBP,-0.0002349959368594,-0.0011455462739352,JPN,JPY,-0.032913576525975,-0.0335592905861502,-0.004405,0.0023813016900156667
AUS,2008-01-31,AUD,-0.113562337335932,-0.1142256959510924,CHE,CHF,-0.1079018594332506,-0.1079838645833177,DEU,EUR,-0.1259735932816214,-0.12758690535131,FRA,EUR,-0.1365413152889038,-0.1368175746959747,GBR,GBP,-0.0882550659252694,-0.0896045949998293,JPN,JPY,-0.0926469817357752,-0.0927139295460721,-0.062218,0.00138675399327275
AUS,2008-02-29,AUD,-0.002620175161792,-0.0090074544633699,CHE,CHF,-0.0124256409812239,-0.0164108058510027,DEU,EUR,-0.003165101885071,-0.0032620211030288,FRA,EUR,-0.0188779511227678,-0.018972507406227,GBR,GBP,0.0063003277088407,0.0029858528337711,JPN,JPY,-0.0137866495217053,-0.0141267195126086,-0.021697,0.0017252736589415832
AUS,2008-03-31,AUD,-0.0405715705050394,-0.0466685015725417,CHE,CHF,-0.035577931963924,-0.0369760516915925,DEU,EUR,-0.0262158711652976,-0.0267105770530063,FRA,EUR,-0.018934865955553,-0.0189524864084326,GBR,GBP,-0.0165711963704744,-0.0260339909402813,JPN,JPY,-0.0713234230945871,-0.0799964883150661,-0.010444,0.0010313288660755834
AUS,2008-04-30,AUD,0.0483620947525282,0.0474302498372198,CHE,CHF,0.0685184720892173,0.0567073492607141,DEU,EUR,0.0530495080432009,0.0438529548704251,FRA,EUR,0.0695649940748166,0.0641297150332125,GBR,GBP,0.0529743457796381,0.0464570824356724,JPN,JPY,0.1065605851661469,0.1065066224122306,0.051199,0.0010483352874734167
AUS,2008-05-30,AUD,0.0268235540714567,0.022868200023659,CHE,CHF,0.0116400006989139,0.0061376815244451,DEU,EUR,0.0221492828342309,0.0058966778799933,FRA,EUR,0.0220525978820931,0.0034165138684976,GBR,GBP,-0.0046561376610757,-0.0124918019585506,JPN,JPY,0.0377398093897107,0.0376403848098483,0.023935,0.00162369481751025
AUS,2008-06-30,AUD,-0.0764417422763371,-0.0795274403014295,CHE,CHF,-0.0885614587741248,-0.0890919574761168,DEU,EUR,-0.0818622223416765,-0.0834178685346864,FRA,EUR,-0.1115683844688197,-0.1151873764691987,GBR,GBP,-0.0731067946589827,-0.0762298128968576,JPN,JPY,-0.0602808800292585,-0.0608745169271494,-0.078436,0.0014120108889340835
AUS,2008-07-31,AUD,-0.0516677617753541,-0.0521282842134931,CHE,CHF,0.0110030860082293,0.0083430959484465,DEU,EUR,-0.0074647988654434,-0.0087863888655268,FRA,EUR,-0.020161829062923,-0.0252874224617905,GBR,GBP,-0.0344618137127785,-0.0357042432541581,JPN,JPY,-0.0131203773566556,-0.0131888420306915,-0.013413,0.00131905609280075
AUS,2008-08-29,AUD,0.0421205558819148,0.0330361636898284,CHE,CHF,0.0236056468755971,0.0233113786915342,DEU,EUR,-0.0038651075228316,-0.0040794333863376,FRA,EUR,0.0261378062080872,0.0260969507805006,GBR,GBP,0.0513090589427267,0.0446989299748064,JPN,JPY,-0.0341578844664962,-0.0344286464635394,0.010597,0.00138672236503
AUS,2008-09-30,AUD,-0.0952805176783433,-0.1009759134373066,CHE,CHF,-0.0882706994452497,-0.088881924787135,DEU,EUR,-0.0862123672242309,-0.086311317874804,FRA,EUR,-0.0938716367370379,-0.0949726616226405,GBR,GBP,-0.1230828394140185,-0.124848410395816,JPN,JPY,-0.12596273381579,-0.1327436501665895,-0.098172,0.0008029799252121084
AUS,2008-10-31,AUD,-0.1421209537595365,-0.1431139524817119,CHE,CHF,-0.1111429515766185,-0.1225285205421771,DEU,EUR,-0.2327256413785735,-0.2327275634877159,FRA,EUR,-0.1290264033839014,-0.1291921989766588,GBR,GBP,-0.1159180062360001,-0.1179185135662497,JPN,JPY,-0.1984944431356649,-0.1985774635077346,-0.184833,0.00021125179228100835
AUS,2008-11-28,AUD,-0.0627398477503013,-0.0696299920654551,CHE,CHF,-0.054547827390103,-0.0545478273901032,DEU,EUR,-0.0467853771048382,-0.0468008479743982,FRA,EUR,-0.0529609097182705,-0.0577975510302458,GBR,GBP,-0.023971099057837,-0.0300015439645964,JPN,JPY,-0.0291794224258755,-0.0293195284256156,-0.084681,2.5347591876290834e-05
AUS,2008-12-31,AUD,0.0038870032450393,0.0010902105988448,CHE,CHF,-0.0401359570908482,-0.0405136453371329,DEU,EUR,0.0402605561012467,0.04021090193059,FRA,EUR,-0.008208052506719,-0.0097461646018824,GBR,GBP,0.0350424376326088,0.0333270936003673,JPN,JPY,0.0313949600172507,0.0302745373279615,0.022232,2.5347602438088334e-05
AUS,2009-01-30,AUD,-0.0503650419034538,-0.0504589552946725,CHE,CHF,-0.0464385505490023,-0.0464385505490024,DEU,EUR,-0.0921199903745664,-0.0951513615438131,FRA,EUR,-0.0662700473953261,-0.0668700340224063,GBR,GBP,-0.0577855857081287,-0.0585570726917735,JPN,JPY,-0.0774826478574456,-0.0775616071956202,-0.077471,0.00014787101652956666
AUS,2009-02-27,AUD,-0.0489760717713274,-0.0588193498084563,CHE,CHF,-0.0942232082370818,-0.1015334982341772,DEU,EUR,-0.0987365302611053,-0.0988798440174145,FRA,EUR,-0.0935664069514101,-0.0936458476383056,GBR,GBP,-0.0624695939057916,-0.0684320415571521,JPN,JPY,-0.0440904733370467,-0.0446467115447235,-0.100166,0.00014364579113271668
AUS,2009-03-31,AUD,0.0786612982569749,0.0687278891845901,CHE,CHF,0.0227252695069895,0.0203359163952801,DEU,EUR,0.0403170480413443,0.0399460879713207,FRA,EUR,0.0341419632036665,0.0339764448025063,GBR,GBP,0.0183825561657842,0.0130651904560841,JPN,JPY,0.0286618947009385,0.0188020250140947,0.086803,0.000126744032778275
AUS,2009-04-30,AUD,0.0609185747696627,0.0603411076399114,CHE,CHF,0.1163538750788748,0.1012112709980351,DEU,EUR,0.156294807980722,0.1423765601774569,FRA,EUR,0.1347778600424077,0.1267989906849125,GBR,GBP,0.0942311755827323,0.0896194471468461,JPN,JPY,0.0764425469419343,0.0763478373074515,0.109466,2.9572262401272498e-05
AUS,2009-05-29,AUD,0.01801383754785,0.0152509176645432,CHE,CHF,0.0324107154476107,0.0293130732935176,DEU,EUR,0.0410025253579924,0.0206972198013879,FRA,EUR,0.0477728505256891,0.030217555299896,GBR,GBP,0.0418709419872163,0.0359514026890428,JPN,JPY,0.0710626667970195,0.070918973102579,0.067787,6.759514621930583e-05
AUS,2009-06-30,AUD,0.0414173987228387,0.0374580945018112,CHE,CHF,0.008284505115127,0.0078009217001784,DEU,EUR,-0.0221696663172592,-0.0232127572018759,FRA,EUR,-0.0285336246494373,-0.0344037592232437,GBR,GBP,-0.0255540976680628,-0.0296883928158086,JPN,JPY,0.0397031682764279,0.0389756265585055,-0.003019,0.00012040645483046668
AUS,2009-07-31,AUD,0.0762440129915902,0.0758436809165397,CHE,CHF,0.084427823937796,0.0822736757861455,DEU,EUR,0.0851927705858859,0.0843707574161767,FRA,EUR,0.0790974017315728,0.0776075428061151,GBR,GBP,0.0870401470657777,0.085487670931696,JPN,JPY,0.0237988394259687,0.0237399554931099,0.081779,0.00010773218094965834
AUS,2009-08-31,AUD,0.0690206140523297,0.0589708439612448,CHE,CHF,0.0492007693140863,0.0490526334425109,DEU,EUR,-0.0012407551552402,-0.0014557344666089,FRA,EUR,0.0763256216673691,0.0749889603435445,GBR,GBP,0.0808533887438687,0.0749759375438945,JPN,JPY,0.0164439743216147,0.0161079333397309,0.03151,7.815704793933e-05
AUS,2009-09-30,AUD,0.0627031539216249,0.0585491133689297,CHE,CHF,0.0281749516411573,0.0279862417660545,DEU,EUR,0.033447826515659,0.0333366556781318,FRA,EUR,0.0498325172999036,0.0497075531576269,GBR,GBP,0.0417675016125649,0.0401081930273605,JPN,JPY,-0.0437342767057519,-0.0497384780414644,0.045281,3.5909327893473344e-05
AUS,2009-10-30,AUD,-0.0212655685414955,-0.0223781607302775,CHE,CHF,-0.0099160083135656,-0.0190723071203429,DEU,EUR,-0.0384954994414826,-0.0385095437804697,FRA,EUR,-0.0377644641558524,-0.037788547817396,GBR,GBP,-0.019596213621789,-0.0205919144944223,JPN,JPY,-0.0192044655454543,-0.0192819591792249,-0.028072,8.449113972833334e-06
AUS,2009-11-30,AUD,0.0163528982203748,0.0115372452364206,CHE,CHF,-0.0019309019839544,-0.0019309019839537,DEU,EUR,0.0306873139647787,0.0306715009105373,FRA,EUR,0.0109299800512479,0.0067929319164545,GBR,GBP,0.020985652716114,0.0162559677478153,JPN,JPY,-0.0610682452245637,-0.061168458067194,0.057075,6.125769923293001e-05
AUS,2009-12-31,AUD,0.0353762002381043,0.0339973660425299,CHE,CHF,0.0394415939989691,0.0393923415111079,DEU,EUR,0.04832201729007,0.0483072994019158,FRA,EUR,0.0557511226390425,0.0540384233262489,GBR,GBP,0.0418146578334563,0.0406611480216974,JPN,JPY,0.0805501623540301,0.0796077663601433,0.028475,3.1684605365282496e-05
AUS,2010-01-29,AUD,-0.0545477114438324,-0.0549928188620663,CHE,CHF,-0.0107068311233954,-0.0107598628902061,DEU,EUR,-0.0411335234660971,-0.0430162928426179,FRA,EUR,-0.032734287362132,-0.0328117082177409,GBR,GBP,-0.0304512900194443,-0.0311472206714607,JPN,JPY,-0.006911166480977,-0.0069832858799289,-0.037172,1.26737008835075e-05
AUS,2010-02-26,AUD,0.0170740825796853,0.0102596530270779,CHE,CHF,0.0336149419283839,0.0334806960925597,DEU,EUR,-0.0053743180251722,-0.0054339783237933,FRA,EUR,-0.0101941981127388,-0.0103794225512783,GBR,GBP,0.0330062876368861,0.027956003982174,JPN,JPY,-0.0071074138976428,-0.0075773329293512,0.034744,6.125788429285583e-05
AUS,2010-03-31,AUD,0.0550067946686694,0.0486100212673068,CHE,CHF,0.0470690934121107,0.0388037174005482,DEU,EUR,0.0862987286706642,0.0859758545019888,FRA,EUR,0.0688209437356575,0.0687633371057054,GBR,GBP,0.0643788013065567,0.0584444337618323,JPN,JPY,0.1009952766754407,0.0916766043362689,0.063668,0.00011195764883948333
AUS,2010-04-30,AUD,-0.0117712899904693,-0.0121015593553309,CHE,CHF,-0.019070730123297,-0.0309707195188891,DEU,EUR,0.0037239204824544,-0.0038911806237384,FRA,EUR,-0.0209493409946689,-0.0226365888313325,GBR,GBP,-0.0097428052161402,-0.0119458268065825,JPN,JPY,0.0096072199537415,0.0095519486503414,0.020036,0.00011829485781378332
AUS,2010-05-28,AUD,-0.0780097751912638,-0.0811389723309056,CHE,CHF,-0.038863806134626,-0.0437496796498605,DEU,EUR,-0.0286031552063469,-0.0428258535974411,FRA,EUR,-0.0528346888909452,-0.0719026118470319,GBR,GBP,-0.0651257834098726,-0.0686609960890212,JPN,JPY,-0.1047934535192688,-0.104899824724129,-0.07924,0.00011406977210254167
AUS,2010-06-30,AUD,-0.0272109969014686,-0.0300190017889743,CHE,CHF,-0.0205221511403018,-0.0208180926318594,DEU,EUR,0.0044661526668978,0.002491905401917,FRA,EUR,-0.0147717696818394,-0.0191942886966624,GBR,GBP,-0.042480446126076,-0.045998779896544,JPN,JPY,-0.0367245352144576,-0.0374857320894288,-0.05078,0.00013519600115363334
AUS,2010-07-30,AUD,0.0420599102039118,0.0409247205320566,CHE,CHF,0.027933805686348,0.0261748163486976,DEU,EUR,0.0306506985961998,0.0300257866469104,FRA,EUR,0.0550793258044468,0.0510092630761609,GBR,GBP,0.0724931307133438,0.0710266742149301,JPN,JPY,0.0077914684256903,0.0077238393700198,0.07036,0.00011829485781378332
AUS,2010-08-31,AUD,-0.0085697780053131,-0.0172542340653694,CHE,CHF,-0.0079542132924455,-0.0082578908408731,DEU,EUR,-0.0291771818178885,-0.0292230746641447,FRA,EUR,-0.0331090441070076,-0.0344654243468532,GBR,GBP,-0.0022887531578813,-0.0069112136714788,JPN,JPY,-0.0511844220673302,-0.0515664292610492,-0.042863,0.000126744032778275
AUS,2010-09-30,AUD,0.0496772967058867,0.0436714068925745,CHE,CHF,0.0295461715819713,0.0293369166574759,DEU,EUR,0.0555817752381493,0.0554735009570517,FRA,EUR,0.0655066706024194,0.0652472523354061,GBR,GBP,0.0613163285960369,0.0596895275551678,JPN,JPY,0.0382382211570193,0.0301248060879595,0.091628,0.00011195744278407499
AUS,2010-10-29,AUD,0.019912349960997,0.0188306500749346,CHE,CHF,0.0229360803192113,0.0229085172854355,DEU,EUR,0.0547751813561792,0.0547546413804198,FRA,EUR,0.0365337964591947,0.0334805038426946,GBR,GBP,0.0191190991733163,0.0175530819060143,JPN,JPY,-0.0238760336344731,-0.023954289300306,0.038591,0.00010561966054240833
AUS,2010-11-30,AUD,-0.0067787958606658,-0.0126251085857072,CHE,CHF,-0.0167302842309292,-0.0167302842309292,DEU,EUR,0.0063490846361138,0.0063375645655621,FRA,EUR,-0.0472478643604076,-0.0512091294473294,GBR,GBP,-0.0258568062470344,-0.0285611171158313,JPN,JPY,0.0611657620145749,0.0610631750578372,0.005117,0.00014153186871548334
AUS,2010-12-31,AUD,0.0387365790526552,0.0321364394775847,CHE,CHF,0.0271627261325408,0.0271627261325413,DEU,EUR,0.0417453290631586,0.0417311289025075,FRA,EUR,0.0496917908712906,0.0483946541885065,GBR,GBP,0.0674280574449937,0.0661982911742335,JPN,JPY,0.0442699736738199,0.0432654730130777,0.067182,6.759514621930583e-05
AUS,2011-01-31,AUD,0.0025469348714526,0.0023797746881144,CHE,CHF,0.0007421154916422,0.0006534234899373,DEU,EUR,0.0171133287555085,0.0144201938869181,FRA,EUR,0.0383535833786907,0.0382821535408868,GBR,GBP,-0.003603124005781,-0.0044432452939709,JPN,JPY,0.0138522131383858,0.0137732052248225,0.019183,0.00012463175774224167
AUS,2011-02-28,AUD,0.0224196521808166,0.0144404874996717,CHE,CHF,0.0267781355061811,0.0205384316753007,DEU,EUR,0.0221278182981057,0.0220135196916675,FRA,EUR,0.0262045001956738,0.0259059539893589,GBR,GBP,0.0238794962125583,0.0195356738236875,JPN,JPY,0.0443956431207057,0.0439269146544514,0.038156,6.548250912240668e-05
AUS,2011-03-31,AUD,0.0065870793346893,0.0009449531074383,CHE,CHF,-0.0226123344730437,-0.0248182813797723,DEU,EUR,-0.0180166512811527,-0.018239334520647,FRA,EUR,-0.0259619264323768,-0.026012028167816,GBR,GBP,-0.0139413174445254,-0.0182224958653907,JPN,JPY,-0.0715912169285988,-0.0811992482567737,0.003341,4.858353391571e-05
AUS,2011-04-29,AUD,-0.0057612562360471,-0.0061797951402821,CHE,CHF,0.0349460136177719,0.0207702376180967,DEU,EUR,0.0520666244548784,0.0459488734066075,FRA,EUR,0.0332429364105058,0.0288918718453166,GBR,GBP,0.0302868511353418,0.0278118710264958,JPN,JPY,-0.0159485813458506,-0.0160090672181713,0.028597,1.26737008835075e-05
AUS,2011-05-31,AUD,-0.0208528978210187,-0.0269069786800183,CHE,CHF,-0.0041749700442941,-0.0109159588814326,DEU,EUR,-0.0185754620801518,-0.0361393827533014,FRA,EUR,0.0041236155666712,-0.0135411325101875,GBR,GBP,-0.0037218248318853,-0.0077269113169109,JPN,JPY,-0.0121489792757147,-0.0123893651786453,-0.014948,3.590920071062167e-05
AUS,2011-06-30,AUD,-0.0233325769961618,-0.0287397601813631,CHE,CHF,-0.0562805661301629,-0.0567162506256891,DEU,EUR,0.0084804322943099,0.0069977394564326,FRA,EUR,-0.0024110740746253,-0.0082565175996884,GBR,GBP,-0.0060605293002338,-0.0094630384716069,JPN,JPY,0.0129904416629715,0.0121423573530252,-0.018447,6.336828658632833e-06
AUS,2011-07-29,AUD,-0.0326072834978787,-0.0328949750653995,CHE,CHF,-0.0747427924383445,-0.0749941588420505,DEU,EUR,-0.0322438727832326,-0.0329868536848957,FRA,EUR,-0.0584060801424748,-0.0610952747126235,GBR,GBP,-0.0214760668499642,-0.0228313718036609,JPN,JPY,-0.0085330937487722,-0.0086138728736551,-0.022534,7.393245303801418e-05
AUS,2011-08-31,AUD,-0.019696009958067,-0.0289956517663984,CHE,CHF,-0.0535915972841437,-0.0542113069283556,DEU,EUR,-0.1641240718273915,-0.1642098203042961,FRA,EUR,-0.0997675288293911,-0.0999461529332103,GBR,GBP,-0.0725528738772525,-0.0786024133388604,JPN,JPY,-0.0765594612654446,-0.0769509888544975,-0.057564,0.0
AUS,2011-09-30,AUD,-0.0624710413548228,-0.0684658866106595,CHE,CHF,-0.0120673586662343,-0.012394493636694,DEU,EUR,-0.0570837900960731,-0.0571886166084063,FRA,EUR,-0.0814327497570314,-0.0843997421100587,GBR,GBP,-0.043776430126123,-0.045549995591982,JPN,JPY,0.0005913728825581,-0.0085643155163164,-0.084983,1.26737008835075e-05
AUS,2011-10-31,AUD,0.07114143705614,0.0703490282268728,CHE,CHF,0.0440427786350332,0.0439774683876192,DEU,EUR,0.1003123436064308,0.1002938345986828,FRA,EUR,0.0736893008507917,0.0732946567927799,GBR,GBP,0.0729089070305133,0.0714209809124839,JPN,JPY,0.0016052100939116,0.0015050177749038,0.114146,4.2245461315851665e-06
AUS,2011-11-30,AUD,-0.0333353146350043,-0.039727001129041,CHE,CHF,-0.0196273369976197,-0.0199229501973916,DEU,EUR,-0.0111606472511341,-0.0111773387691768,FRA,EUR,-0.0354969246413866,-0.0381796985882955,GBR,GBP,-0.0076379898308797,-0.0141518247490563,JPN,JPY,-0.0454607036210448,-0.0455598543447924,-0.00627,0.0
AUS,2011-12-30,AUD,-0.0156546244254836,-0.018885096139781,CHE,CHF,0.0347688827952397,0.0347688827952397,DEU,EUR,-0.0251713350479774,-0.0251972658855326,FRA,EUR,-0.0034398805265288,-0.0065989010212318,GBR,GBP,0.005615163508686,0.0050163530222659,JPN,JPY,0.0043479463694469,0.0031531301556086,0.003676,0.0
AUS,2012-01-31,AUD,0.0504373943199159,0.050359056797669,CHE,CHF,0.0155200177582206,0.0154315702861145,DEU,EUR,0.0868415768484405,0.083358901113079,FRA,EUR,0.0518858921910545,0.0517889509946563,GBR,GBP,0.0285561017811062,0.0273228833542695,JPN,JPY,0.0316824497848666,0.0315945233159089,0.054106,3.168452285096251e-05
AUS,2012-02-29,AUD,0.0251323203993882,0.0152628827698002,CHE,CHF,0.0357264140508022,0.028096840868472,DEU,EUR,0.0553649617509464,0.0553462857503814,FRA,EUR,0.0458546249085594,0.0445458342622817,GBR,GBP,0.0438504342322518,0.0374731162279451,JPN,JPY,0.1013296976974969,0.100730863149006,0.041225,4.435880331763833e-05
AUS,2012-03-30,AUD,0.0129151956508906,0.0085193656790989,CHE,CHF,0.021706561404091,0.0193907845537741,DEU,EUR,0.0121958253591545,0.0118216847291043,FRA,EUR,-0.0024788684192978,-0.0036387759090057,GBR,GBP,-0.0040737463738982,-0.0082183362364088,JPN,JPY,0.0355040517992271,0.0247004936153316,0.02402,2.957224802543833e-05
AUS,2012-04-30,AUD,0.0109556955635701,0.0104007486759396,CHE,CHF,-0.009363026894827,-0.0271718546294065,DEU,EUR,-0.0159429736595253,-0.0267448318481262,FRA,EUR,-0.0465992425197057,-0.0525286310223517,GBR,GBP,-0.0063131809067588,-0.009013210915773,JPN,JPY,-0.053717950649207,-0.0537740895955969,-0.006829,6.337010190380917e-05
AUS,2012-05-31,AUD,-0.0666284656385352,-0.0724867908930928,CHE,CHF,-0.0348978990629716,-0.0393969823155737,DEU,EUR,-0.0641664247187602,-0.0798101507548528,FRA,EUR,-0.0433736693959953,-0.0595895939847952,GBR,GBP,-0.0623133710771676,-0.0673927718617846,JPN,JPY,-0.1003443976493144,-0.100479258706936,-0.06559,2.3235264315419165e-05
AUS,2012-06-29,AUD,0.0040313142205794,0.0015271431275465,CHE,CHF,0.0256248964669119,0.0254131646121047,DEU,EUR,0.015371927002046,0.0132545092865048,FRA,EUR,0.0570067036336643,0.0485071695261454,GBR,GBP,0.0506362310908312,0.0472141941635366,JPN,JPY,0.0674300734979702,0.0663238640566916,0.038151,2.957224802543833e-05
AUS,2012-07-31,AUD,0.0390181147761821,0.0385929517600218,CHE,CHF,0.0464035791316279,0.045953248437939,DEU,EUR,0.0477754187781707,0.0471688746025276,FRA,EUR,0.0240243082452356,0.0227520320021732,GBR,GBP,0.0128929655271079,0.0123569198156008,JPN,JPY,-0.0389893363153254,-0.0390899505356667,0.010307,5.069571184789917e-05
AUS,2012-08-31,AUD,0.0220003863164031,0.0118648192717834,CHE,CHF,-0.0011450504215766,-0.0013777590541022,DEU,EUR,0.0197486995024271,0.0197018089062968,FRA,EUR,0.0337067177479311,0.0335650165542882,GBR,GBP,0.0170558776236038,0.0122202211313824,JPN,JPY,-0.0031460226885108,-0.0036548693997877,0.026317,6.548272058906417e-05
AUS,2012-09-28,AUD,0.0199094912510595,0.014134104571259,CHE,CHF,0.0191927902756881,0.0187031028257334,DEU,EUR,0.0247957847617299,0.0247003448011426,FRA,EUR,-0.0047861785866141,-0.0088451268205423,GBR,GBP,0.0119813073347208,0.0107870627113915,JPN,JPY,0.0174288696034861,0.0077609845089197,0.026513,3.3796934686825e-05
AUS,2012-10-31,AUD,0.0306313846218817,0.0300087440149561,CHE,CHF,0.0151608809568304,0.0151231311215667,DEU,EUR,0.0164508466019954,0.0163134779162565,FRA,EUR,0.0199941388256732,0.0199200665008361,GBR,GBP,0.011711746980435,0.0100589169516653,JPN,JPY,0.005205250739477,0.0051047304582836,-0.014055,7.81575500276425e-05
AUS,2012-11-30,AUD,0.0023618677278751,-0.0045130040616724,CHE,CHF,0.0299205124225958,0.0299205124225963,DEU,EUR,0.0206598029142743,0.0205390098314202,FRA,EUR,0.0378180166720665,0.0362601136942921,GBR,GBP,0.0208561047231905,0.0171782472051442,JPN,JPY,0.0500403105440963,0.0499272396492087,0.006217,0.00010139412767579165
AUS,2012-12-31,AUD,0.0331742161331534,0.031314345447204,CHE,CHF,0.0016841248997467,0.001684124899747,DEU,EUR,0.0214265276055292,0.0213995089983394,FRA,EUR,0.0182983184374689,0.016139053627681,GBR,GBP,0.0105406935693725,0.0094792802421119,JPN,JPY,0.092289882480433,0.0909510617709405,0.012569,2.112291255073917e-05
AUS,2013-01-31,AUD,0.0511742916816151,0.0510276120151462,CHE,CHF,0.0707193714722675,0.0706330594271644,DEU,EUR,0.027830888084072,0.0252566478364639,FRA,EUR,0.0302673476570092,0.0297907115294509,GBR,GBP,0.0618036472986482,0.0611331737933136,JPN,JPY,0.0954324919469431,0.0953303047047999,0.054142,5.0695923089909166e-05
AUS,2013-02-28,AUD,0.0523656004239991,0.0449637156940465,CHE,CHF,0.032517967703467,0.0262183585661761,DEU,EUR,0.0031872710560205,0.0030890361539221,FRA,EUR,0.0069382536966888,0.0068140164548475,GBR,GBP,0.0268537987708064,0.0231499440784475,JPN,JPY,0.0397006158710224,0.039216835035821,0.008282,4.0134028564707503e-05
AUS,2013-03-28,AUD,-0.0200114988968924,-0.0249381687783452,CHE,CHF,0.0256353199302477,0.0233632646197339,DEU,EUR,0.0045073003016034,0.0042014607203266,FRA,EUR,0.008749103068504,0.0076305545272685,GBR,GBP,0.0123390587987528,0.0102294102513906,JPN,JPY,0.0758578168898578,0.0659526110060608,0.035295,3.3796953463506674e-05
AUS,2013-04-30,AUD,0.0397090000149837,0.0388925386372021,CHE,CHF,0.0213176414263613,0.0030954363586035,DEU,EUR,0.0118002228309641,0.0016034198482726,FRA,EUR,0.0328387170185084,0.0272612786489028,GBR,GBP,0.0080246638744696,0.0062802381447215,JPN,JPY,0.1234464902304091,0.1233933145605903,0.014939,1.2673690321757501e-05
AUS,2013-05-31,AUD,-0.0467925378471378,-0.053745165841164,CHE,CHF,0.0045961454067644,0.0020120989490008,DEU,EUR,0.0495626263863548,0.0349854286673319,FRA,EUR,0.04012021757316,0.0246151337967619,GBR,GBP,0.0255390841278535,0.0220695316196533,JPN,JPY,-0.0254458572669766,-0.0255405212057443,0.019128,1.26737035238375e-05
AUS,2013-06-28,AUD,-0.0249477990506844,-0.0283951309940981,CHE,CHF,-0.0334547421352717,-0.0335511088804872,DEU,EUR,-0.0378541518315613,-0.0398460610609116,FRA,EUR,-0.0451230406115031,-0.0502640326657156,GBR,GBP,-0.0465281188738984,-0.049407842654357,JPN,JPY,-0.0024197975516295,-0.0032687747043823,-0.015072,8.449113972833334e-06
AUS,2013-07-31,AUD,0.0554454726217905,0.0552983110718379,CHE,CHF,0.0286813952457603,0.0286160694296062,DEU,EUR,0.0382357119722041,0.0355487260179394,FRA,EUR,0.0697930295614936,0.0688190511452706,GBR,GBP,0.0660375181105121,0.0654520544998817,JPN,JPY,1.205075703802905e-05,-7.901238415397582e-05,0.052658,8.449116319694167e-06
AUS,2013-08-30,AUD,0.0260754875935016,0.0174446250610327,CHE,CHF,-0.0094711166057543,-0.0098468941874431,DEU,EUR,-0.0109780280089306,-0.0111994843738353,FRA,EUR,-0.0115741221770265,-0.0130514258151481,GBR,GBP,-0.0216826756084178,-0.0259050554770639,JPN,JPY,-0.022992052725358,-0.0233737738814483,-0.02575,8.449113972833334e-06
AUS,2013-09-30,AUD,0.0231207260992261,0.0173223734688381,CHE,CHF,0.0330710524723558,0.0325532583936809,DEU,EUR,0.0512168004600621,0.0511334611994163,FRA,EUR,0.0580680251840923,0.0569433409552808,GBR,GBP,0.0114987033736015,0.0109932725337351,JPN,JPY,0.0892413444025381,0.08181766948255,0.037497,1.6898293661565835e-05
AUS,2013-10-31,AUD,0.040495926811529,0.0401258176966299,CHE,CHF,0.0270263598039555,0.0269881851563234,DEU,EUR,0.0514043766274496,0.0511855634276128,FRA,EUR,0.0353943017467039,0.035369689515611,GBR,GBP,0.0268645855652702,0.0256980919556384,JPN,JPY,-0.0014043225198964,-0.0014671273381996,0.039889,2.9572262401272498e-05
AUS,2013-11-29,AUD,-0.0153114932968506,-0.0218634891390069,CHE,CHF,0.0047180341054287,0.0045524208480201,DEU,EUR,0.0358728642958527,0.0358646559001754,FRA,EUR,0.003571772041661,0.0010551686711637,GBR,GBP,-0.0075126263676779,-0.0099927200655958,JPN,JPY,0.0518455244307842,0.0517576770683543,0.024956,2.112293455406917e-05
AUS,2013-12-31,AUD,0.0078059652110333,0.0039324972258338,CHE,CHF,-0.0015634372551033,-0.0015634372551033,DEU,EUR,0.0117261201925189,0.0117034258247374,FRA,EUR,0.00388379074746,0.0013924178528808,GBR,GBP,0.0177909697871583,0.0169999997403009,JPN,JPY,0.0357883609945517,0.0348515321902964,0.02614,1.2673690321757501e-05
AUS,2014-01-31,AUD,-0.0277233789442517,-0.0278869338825328,CHE,CHF,0.0016451367040952,0.0015917733381849,DEU,EUR,-0.0207484973653726,-0.0228345075060949,FRA,EUR,-0.0190221649817333,-0.019379615804725,GBR,GBP,-0.0303266119014381,-0.0309595545191774,JPN,JPY,-0.0569034820433383,-0.0569796584305296,-0.03002,4.224636786189917e-05
AUS,2014-02-28,AUD,0.0487691144195994,0.0404303068482621,CHE,CHF,0.034612624012384,0.0284862353374641,DEU,EUR,0.0382978380243808,0.0381127245761712,FRA,EUR,0.061024577776086,0.0608642762071867,GBR,GBP,0.0484218743927775,0.04535910424291,JPN,JPY,-0.0063851304099635,-0.0067946157365821,0.046198,2.534758131479167e-05
AUS,2014-03-31,AUD,0.0040969754686217,-0.0005291514656612,CHE,CHF,0.0057099020319524,0.0032438030800308,DEU,EUR,-0.0120557392225526,-0.0121744917684734,FRA,EUR,0.0049106124106168,0.0039593853782196,GBR,GBP,-0.0292526993743518,-0.0311622073025404,JPN,JPY,0.0014375910824484,-0.0082717965426819,0.00454,1.4785991038194998e-05
AUS,2014-04-30,AUD,0.013939320682897,0.0135666729008046,CHE,CHF,0.0190390084232419,0.0046431406286191,DEU,EUR,0.002209803555826,-0.0027343831482694,FRA,EUR,0.0211401364208612,0.0164855842717357,GBR,GBP,0.0135149439347281,0.0113793363280736,JPN,JPY,-0.0318200944537532,-0.0318624711949877,0.001573,8.449116319694167e-06
AUS,2014-05-30,AUD,0.0064806080353951,0.000657231521403,CHE,CHF,0.0253323363738891,0.0186086579156263,DEU,EUR,0.0345722774873269,0.017831258764468,FRA,EUR,0.0232159315143307,0.0092913655585087,GBR,GBP,0.0172436532003437,0.0148276633564099,JPN,JPY,0.0340657114051041,0.0339487433592093,0.020254,1.9010618655295835e-05
AUS,2014-06-30,AUD,-0.0150495666838159,-0.0234333178386846,CHE,CHF,-0.0143700574665053,-0.0145109826020859,DEU,EUR,-0.0076700899929367,-0.0087322921689939,FRA,EUR,-0.0175375870602793,-0.0224027054180771,GBR,GBP,-0.0194093236537907,-0.0219808546841475,JPN,JPY,0.0514137792843829,0.0505846080081076,0.027973,1.2673692962354166e-05
AUS,2014-07-31,AUD,0.0444967110319411,0.0443416830868725,CHE,CHF,-0.0239843594483697,-0.0240454910837909,DEU,EUR,-0.0406827643334022,-0.0412742435572542,FRA,EUR,-0.0331290381850016,-0.0342128015298293,GBR,GBP,-0.0098299801019915,-0.0110246319752016,JPN,JPY,0.0220037354433255,0.0219078387613935,-0.020555,4.224547305044166e-06
AUS,2014-08-29,AUD,0.0076182999230249,0.0008550354072882,CHE,CHF,0.0303203349295759,0.0298755936017718,DEU,EUR,0.0052489062437641,0.0052177576556868,FRA,EUR,0.0203163805718695,0.0202173414142234,GBR,GBP,0.0191491796419036,0.0151733423526485,JPN,JPY,-0.0080055794450359,-0.0083778166960503,0.040205,4.2245470116049165e-06
AUS,2014-09-30,AUD,-0.0525386224438942,-0.0581220897334029,CHE,CHF,0.0077575794853645,0.0070900412288135,DEU,EUR,-0.003101070210948,-0.0031802268722356,FRA,EUR,8.404290350649823e-05,-0.0009776942617248,GBR,GBP,-0.025525601179564,-0.0259050412221332,JPN,JPY,0.0421763571102842,0.0349433518536657,-0.025196,1.2673690321757501e-05
AUS,2014-10-31,AUD,0.0405302823521716,0.0401562910491535,CHE,CHF,-0.0015554303461504,-0.001591015365985,DEU,EUR,-0.0183662977483976,-0.0183923670686707,FRA,EUR,-0.0292649501790331,-0.0300843247317272,GBR,GBP,-0.0066049578793382,-0.0074165106054775,JPN,JPY,0.0049108417453085,0.0048426926571703,0.021164,2.1122710121504165e-06
AUS,2014-11-28,AUD,-0.0327644354514151,-0.0396345630628749,CHE,CHF,0.036487815858067,0.036258488706039,DEU,EUR,0.062480755401542,0.0624741169409548,FRA,EUR,0.0439627742170232,0.0431597421191578,GBR,GBP,0.028369945977255,0.0258690271850217,JPN,JPY,0.0549576565267626,0.0548734436797533,0.021104,4.224547305044166e-06
AUS,2014-12-31,AUD,0.0178621587774514,0.0155937193424051,CHE,CHF,-0.0090123782006685,-0.0090123782006683,DEU,EUR,-0.0111076842249178,-0.0111290808896971,FRA,EUR,-0.0087562764232826,-0.0185326094624066,GBR,GBP,-0.0160224436076985,-0.0168031623237784,JPN,JPY,0.0011082868252239,-0.0002007409839692,-0.003659,8.449116319694167e-06
AUS,2015-01-30,AUD,0.0319283175999567,0.0318524292016031,CHE,CHF,-0.0644821266719827,-0.0645381197645673,DEU,EUR,0.0840882359912595,0.0819093797066277,FRA,EUR,0.0751006240375893,0.0745991310208145,GBR,GBP,0.0254704623699844,0.0250050365038603,JPN,JPY,0.0080289292148194,0.00794311467132,-0.027163,-1.6897988556451668e-05
AUS,2015-02-27,AUD,0.066711661425481,0.0598382438349887,CHE,CHF,0.0846376054530475,0.0843255167900924,DEU,EUR,0.0639673196043977,0.0634309134881028,FRA,EUR,0.0702424867363693,0.0702001270299024,GBR,GBP,0.0310626328251302,0.0292502923838078,JPN,JPY,0.0729616858718671,0.0725625567080994,0.055915,-4.224527062398917e-06
AUS,2015-03-31,AUD,0.0010959559186558,-0.0046380060174553,CHE,CHF,0.0188984703985513,0.0110832708033323,DEU,EUR,0.0428052802249454,0.0426704215296773,FRA,EUR,0.0141338998226978,0.012955234836198,GBR,GBP,-0.0191269528199067,-0.02160744476396,JPN,JPY,0.0223039114690997,0.0139451416161486,-0.010397,2.9572190522339168e-05
AUS,2015-04-30,AUD,-0.0147771451539814,-0.0151191005576519,CHE,CHF,0.0078272851091871,-0.0064795326210416,DEU,EUR,-0.0330828276861931,-0.0366150713445541,FRA,EUR,0.0106485606779955,0.0060949366651292,GBR,GBP,0.0286134239629241,0.0269264060672191,JPN,JPY,0.0289534424579489,0.0289132818824888,0.008766,-4.224526769145084e-06
AUS,2015-05-29,AUD,0.0049407217900665,-0.0052208834595852,CHE,CHF,0.016971115608309,0.0112988209353586,DEU,EUR,0.0017524317159332,-0.0139176563200144,FRA,EUR,0.0085134906102521,-0.0031161381285799,GBR,GBP,0.00643384587154,0.0040016950372281,JPN,JPY,0.0483630614720209,0.0482663339784985,0.010277,2.1122710121504165e-06
AUS,2015-06-30,AUD,-0.0522704608087875,-0.0542345897418814,CHE,CHF,-0.0464277994915413,-0.0470162313986555,DEU,EUR,-0.0358799419725436,-0.036913214327278,FRA,EUR,-0.0413978250487195,-0.0465339754070098,GBR,GBP,-0.0515009205241466,-0.0523760219529456,JPN,JPY,-0.0212610337668451,-0.0222091632939657,-0.019231,-3.802012046043917e-05
AUS,2015-07-31,AUD,0.04182458641801,0.0417510074184688,CHE,CHF,0.0676018651041197,0.0672570508055634,DEU,EUR,0.0338189468931393,0.0335708593812578,FRA,EUR,0.0579901411259333,0.0572994802400979,GBR,GBP,0.0221418421434687,0.0217529134325924,JPN,JPY,0.0209432130948448,0.0208592819214545,0.012108,2.534758131479167e-05
AUS,2015-08-31,AUD,-0.0732742826894827,-0.0811472589555752,CHE,CHF,-0.0563114589662703,-0.0565419108792135,DEU,EUR,-0.0760557872013436,-0.0764836914025971,FRA,EUR,-0.0778195060097791,-0.0779085040637737,GBR,GBP,-0.0553896793616423,-0.0588268733362911,JPN,JPY,-0.0735328380268999,-0.0738608168818897,-0.059926,-6.336785093000083e-06
AUS,2015-09-30,AUD,-0.0269049927828192,-0.0328870116009784,CHE,CHF,-0.0315897327785945,-0.0324518982221138,DEU,EUR,-0.0465112127508704,-0.0466294681284038,FRA,EUR,-0.0373501132645296,-0.0383097610043277,GBR,GBP,-0.018665501374003,-0.0188849451310674,JPN,JPY,-0.071491120633773,-0.0783020339549356,-0.033756,-2.3234634228829165e-05
AUS,2015-10-30,AUD,0.0438670290828933,0.0430311958714588,CHE,CHF,0.05011642628438,0.0500757017467299,DEU,EUR,0.1070549615588117,0.1068256788309856,FRA,EUR,0.0857823296439088,0.0850004357176135,GBR,GBP,0.0408579995809237,0.0394195334147891,JPN,JPY,0.0998356502202562,0.0997693126185461,0.073937,2.112293455406917e-05
AUS,2015-11-30,AUD,-0.0055234507994937,-0.0118235399203381,CHE,CHF,0.0055992909930207,0.0055992909930215,DEU,EUR,0.0374486835692005,0.0374434548399951,FRA,EUR,0.0097610800749428,0.0086289157509733,GBR,GBP,0.006155548988971,0.004832143053147,JPN,JPY,0.0178958119239121,0.0178157182283518,0.002404,0.00010139412767579165
AUS,2015-12-31,AUD,0.0286098476996865,0.0262597076821657,CHE,CHF,-0.0169795150019946,-0.0169795150019949,DEU,EUR,-0.0415897163861774,-0.0416491796212256,FRA,EUR,-0.0410972362016813,-0.044676258538244,GBR,GBP,-0.0126199509421807,-0.0131981824769699,JPN,JPY,-0.0178417750127173,-0.0191770159048422,-0.022209,5.7033121419725844e-05
AUS,2016-01-29,AUD,-0.0527867238097434,-0.0528637919463711,CHE,CHF,-0.0450194603351565,-0.0450673467600311,DEU,EUR,-0.0766903720157284,-0.0787005688392047,FRA,EUR,-0.0396071527806845,-0.0398024244864951,GBR,GBP,-0.0305520647072071,-0.0311789814052119,JPN,JPY,-0.0666046427480142,-0.0666910285534203,-0.057085,0.00019012436809643336
AUS,2016-02-29,AUD,-0.0197986260593212,-0.028012171403532,CHE,CHF,-0.035448232726081,-0.0415172228214713,DEU,EUR,-0.0243401371764185,-0.0251703454749651,FRA,EUR,-0.0156456015771171,-0.0167976167987642,GBR,GBP,0.0003197578542339,-0.0018621143932453,JPN,JPY,-0.0868940144967581,-0.0873133995758197,0.00062,0.00018589723878525
AUS,2016-03-31,AUD,0.047315565066957,0.0410430747588326,CHE,CHF,0.0013202449960241,-0.000766385170753,DEU,EUR,0.0439047695317869,0.0438283276509896,FRA,EUR,0.0116618203457121,0.0103047168760888,GBR,GBP,0.0128151217914382,0.0103601894864016,JPN,JPY,0.0482186370683259,0.0386394083951922,0.070491,6.33703659617325e-05
AUS,2016-04-29,AUD,0.0305603183479459,0.0300963324690588,CHE,CHF,0.025896508528306,0.0105039663088313,DEU,EUR,0.0033573116924634,-0.0012343361239492,FRA,EUR,0.0147004024401464,0.0099740620149726,GBR,GBP,0.0068750572244211,0.0048069916929447,JPN,JPY,-0.0062958850467698,-0.0063448184616864,0.011718,0.000109844706345425
AUS,2016-05-31,AUD,0.0296271508724403,0.0233390921472849,CHE,CHF,0.0296903741421843,0.0259310424589354,DEU,EUR,0.023220204808207,0.006851559123169,FRA,EUR,0.0288913889120261,0.0138524409916913,GBR,GBP,0.0089631569225465,0.0065988878027058,JPN,JPY,0.0295095247606846,0.0292841258758971,0.01434,0.0001901219911604417
AUS,2016-06-30,AUD,-0.0216527585587352,-0.0240513023433693,CHE,CHF,-0.0176389064554874,-0.0177801729993915,DEU,EUR,-0.0530230796409936,-0.0551511668163435,FRA,EUR,-0.0515932389467691,-0.0569140493938974,GBR,GBP,0.0096642056171105,0.0084316442113463,JPN,JPY,-0.0898999205403362,-0.0912356595408253,0.002947,0.0001753359734304667
AUS,2016-07-29,AUD,0.0624947991058104,0.062389133895198,CHE,CHF,0.0236336320741532,0.0221413689072074,DEU,EUR,0.0628813797858132,0.0621733330549489,FRA,EUR,0.0458784531886569,0.0450013897327885,GBR,GBP,0.0398607761910734,0.0391155869878676,JPN,JPY,0.0581570066654055,0.058038015253081,0.038815,0.0001520962618818917
AUS,2016-08-31,AUD,-0.0135938166408919,-0.0208468815836353,CHE,CHF,0.0142488132830669,0.0138943083742753,DEU,EUR,0.017656394498974,0.0174911759942213,FRA,EUR,0.0034829620586107,0.0033959706746042,GBR,GBP,0.0209399907650356,0.0152491321870951,JPN,JPY,-0.0003820731521639,-0.0008180598039696,0.0028,0.000198576574402325
AUS,2016-09-30,AUD,0.0040344626704882,-0.0007683418808681,CHE,CHF,-0.0022856200129517,-0.0030498741494116,DEU,EUR,-0.0001940652655094,-0.0016613665633496,FRA,EUR,0.0032634880321587,0.0022701448029145,GBR,GBP,0.0095802936771793,0.0087897075105081,JPN,JPY,0.0057533898931205,-0.0024146518418353,0.003013,0.00015632152719031667
AUS,2016-10-31,AUD,-0.0208482896346131,-0.0213809400149819,CHE,CHF,-0.02910590430095,-0.0291441752490045,DEU,EUR,0.0043133192291677,0.0040877293765908,FRA,EUR,0.0148180127453732,0.0134152298408125,GBR,GBP,-0.0002989787241554,-0.0021856017250957,JPN,JPY,0.0492561418373556,0.0491796079232751,-0.021544,0.00013519449879805
AUS,2016-11-30,AUD,0.0239748419131165,0.017588859551094,CHE,CHF,0.0127990142316338,0.0127990142316338,DEU,EUR,-0.0073981706791785,-0.0074262362334287,FRA,EUR,0.0076923555433043,0.0065382906064039,GBR,GBP,-0.0239875818557501,-0.0264174723479794,JPN,JPY,0.0493347458699235,0.0492327533955347,0.040488,0.00025351025066138334
AUS,2016-12-30,AUD,0.0405257818867672,0.0380303778569328,CHE,CHF,0.0371820199123285,0.0371820199123289,DEU,EUR,0.0691789496491326,0.0691581978022408,FRA,EUR,0.0616401579955698,0.0597572821572693,GBR,GBP,0.0498984993110298,0.0481795593199911,JPN,JPY,0.0362026396099637,0.0347754026105235,0.018763,0.000342252960052275
AUS,2017-01-31,AUD,-0.0075670224108322,-0.0076323896146364,CHE,CHF,0.0106343851055421,0.0105943692541394,DEU,EUR,0.0107209770953731,0.0106274102778884,FRA,EUR,-0.0120411149185023,-0.012212097875032,GBR,GBP,-0.0017584908392026,-0.0022828542144057,JPN,JPY,0.001024838407281,0.0008019464069464,0.022153,0.00039295808499155004
AUS,2017-02-28,AUD,0.022911042339927,0.0173745862541798,CHE,CHF,0.0297936836260988,0.0297295106016259,DEU,EUR,0.0248959928677152,0.0222636630621981,FRA,EUR,0.0164092615252038,0.0160396150438475,GBR,GBP,0.0331107693548826,0.0274597651566765,JPN,JPY,0.0094864577477238,0.0087989266308488,0.032598,0.0003574588391557667
AUS,2017-03-31,AUD,0.0320415317581226,0.0247540407329729,CHE,CHF,0.0282167085644726,0.0183205639658778,DEU,EUR,0.0347520183263447,0.0325681393908301,FRA,EUR,0.0559041869141885,0.0546210339409505,GBR,GBP,0.0130450774617276,0.012066169309868,JPN,JPY,-0.0040708289313293,-0.0133508141483801,0.002062,0.0005747216062905583
AUS,2017-04-28,AUD,0.0064253654341011,0.0059649687439837,CHE,CHF,0.0376701798279952,0.0260066462102255,DEU,EUR,0.0146778201469997,0.0131499254431861,FRA,EUR,0.0396537622970403,0.036100431566195,GBR,GBP,0.0014094086477178,-0.0012813781480413,JPN,JPY,0.0116622851893786,0.01161130185202,0.009655,0.0005620399405601
AUS,2017-05-31,AUD,-0.0276785090921043,-0.0333312346177706,CHE,CHF,0.0243314173210633,0.0182637465463961,DEU,EUR,0.0216197309266976,0.0080550003981128,FRA,EUR,0.0330876263459223,0.0188526192522808,GBR,GBP,0.0454533415789379,0.0400755916026229,JPN,JPY,0.0242914259570818,0.0241681132154387,0.009335,0.00062546293131855
AUS,2017-06-30,AUD,0.0014257573565332,-0.0008528204175961,CHE,CHF,0.0041407602637986,0.0033930681197975,DEU,EUR,-0.0228585541337235,-0.0254797771009428,FRA,EUR,-0.0201555276555311,-0.024244226919472,GBR,GBP,-0.0285620417390577,-0.0307442446463155,JPN,JPY,0.026461198205266,0.0252525947355986,0.009571,0.0007142317955080333
AUS,2017-07-31,AUD,0.0039420006317172,0.0037973695993773,CHE,CHF,0.0161736563778733,0.016098981431571,DEU,EUR,-0.0036114653492298,-0.0074376445598219,FRA,EUR,-0.0072940384441502,-0.0080608542135964,GBR,GBP,0.0099461172045471,0.0092708816795812,JPN,JPY,0.0040787571452491,0.0039575600125785,0.020277,0.0008114465552501583
AUS,2017-08-31,AUD,0.0062950508126864,-0.0009416352118742,CHE,CHF,-0.0141146653381597,-0.0143861175991658,DEU,EUR,-0.0005638626026105,-0.0007208120223806,FRA,EUR,0.0056730909187134,0.0055965561456015,GBR,GBP,0.013444712244347,0.0075741901470605,JPN,JPY,0.0006028803201398,0.0002066882851128,0.0016,0.0009256664231051666
AUS,2017-09-29,AUD,0.0001992166909012,-0.0055683119930406,CHE,CHF,0.0298744644718083,0.0291401237476054,DEU,EUR,0.0583032240020731,0.0581979616328207,FRA,EUR,0.0442375739618352,0.0433680627876509,GBR,GBP,-0.0035619237623762,-0.0047721256609857,JPN,JPY,0.0406784874660377,0.0328135309115968,0.023729,0.0007987940148765
AUS,2017-10-31,AUD,0.0400513994791769,0.0397155319399891,CHE,CHF,0.018720839389041,0.0186807814260043,DEU,EUR,0.0284630396426,0.0284630396426004,FRA,EUR,0.0276943205584674,0.0272194783169641,GBR,GBP,0.0155424196383664,0.0141147123799085,JPN,JPY,0.0515408210085748,0.051470934224991,0.019275,0.0008368035622846666
AUS,2017-11-30,AUD,0.019613462143345,0.0134083717751132,CHE,CHF,-0.0008475298586186,-0.0008475298586189,DEU,EUR,-0.011314098656541,-0.0114869397729259,FRA,EUR,-0.0155442171027486,-0.0162855373317485,GBR,GBP,-0.0189205417062051,-0.0215266520410636,JPN,JPY,0.0174093251430274,0.0173198173216013,0.027232,0.0009192950928711667
AUS,2017-12-29,AUD,0.0190124987626683,0.0167914113625113,CHE,CHF,0.0059847312611271,0.0059847312611271,DEU,EUR,-0.0004661440508254,-0.000481986266918,FRA,EUR,-0.0032984155101938,-0.0050892765187419,GBR,GBP,0.0439341980178444,0.0431952097046941,JPN,JPY,0.0142781742270135,0.0127129309201539,0.012122,0.0010313813414599999
AUS,2018-01-31,AUD,-0.0032792043675741,-0.0033608142630136,CHE,CHF,0.0090159168310994,0.0090159168310992,DEU,EUR,0.0209662767746123,0.0209213139372119,FRA,EUR,0.0293329228247354,0.0291968336378651,GBR,GBP,-0.0197545534597501,-0.0202768348765847,JPN,JPY,0.0125899942048857,0.012481132959325,0.050577,0.00112658987768125
AUS,2018-02-28,AUD,-0.001114431561344,-0.0077353666880618,CHE,CHF,-0.0446318306611849,-0.0446794759898417,DEU,EUR,-0.0449900880981557,-0.0471940776702943,FRA,EUR,-0.0298030444788354,-0.03013258780906,GBR,GBP,-0.0295826054157994,-0.0340413291853325,JPN,JPY,-0.0357216213415153,-0.0361300951107063,-0.039455,0.0009928958374130835
AUS,2018-03-29,AUD,-0.0358749828880804,-0.0407535380816876,CHE,CHF,-0.0124747194978153,-0.0199109101214683,DEU,EUR,-0.0226199065741161,-0.0227577690152951,FRA,EUR,-0.0129220114343068,-0.0141068154343663,GBR,GBP,-0.0189130942979108,-0.021462425175145,JPN,JPY,-0.017440611170055,-0.026784729825702,-0.018421,0.00135713551291475
AUS,2018-04-30,AUD,0.0341256182923066,0.0336542704350488,CHE,CHF,0.0342238440264128,0.0203695394419511,DEU,EUR,0.0364592272991657,0.0296934562181676,FRA,EUR,0.064245439288995,0.0600659132458987,GBR,GBP,0.059513900555101,0.0568482131458096,JPN,JPY,0.0336176937988332,0.0335658151248214,0.004679,0.0013739360395475001
AUS,2018-05-31,AUD,0.0141562269192774,0.006661097283952,CHE,CHF,-0.0328412264280481,-0.0380675856810297,DEU,EUR,0.0027783520499296,-0.0128938544079386,FRA,EUR,0.0040705351250975,-0.0123904645568956,GBR,GBP,0.0237113932583694,0.0190404111968507,JPN,JPY,-0.0160586096536236,-0.0161615551882445,0.026146,0.0014650362652285833
AUS,2018-06-29,AUD,0.0289951616903891,0.0266794485036692,CHE,CHF,0.022788549002066,0.0226001314731727,DEU,EUR,-0.0324828913582472,-0.033398708983319,FRA,EUR,-0.0231547959206291,-0.0272649538790721,GBR,GBP,-0.0019655771544114,-0.0028318334391815,JPN,JPY,-0.0070323508225648,-0.0082572336769679,0.005359,0.0014819269675485833
AUS,2018-07-31,AUD,0.0136355463033333,0.013533133872484,CHE,CHF,0.0457677705823489,0.0455811748242109,DEU,EUR,0.037630520194813,0.0373102398699372,FRA,EUR,0.0245285198065945,0.0240517585130499,GBR,GBP,0.0134833035467678,0.0129734925297353,JPN,JPY,0.0107270831147097,0.010607106829132,0.031573,0.0015960182626580002
AUS,2018-08-31,AUD,0.0190698702372296,0.009914579023774,CHE,CHF,-0.0158061462293296,-0.0163916133907414,DEU,EUR,-0.019908197931326,-0.0200274950925486,FRA,EUR,-0.0057090319562792,-0.0057371396229835,GBR,GBP,-0.0287271285734913,-0.035812183207739,JPN,JPY,-0.0093330344706923,-0.0097345036824239,0.030233,0.0016363915419505002
AUS,2018-09-28,AUD,-0.0122008641320731,-0.0177883276232141,CHE,CHF,0.003349651171242,0.002580208146006,DEU,EUR,-0.0190355457140361,-0.0190366800024617,FRA,EUR,0.0097787502424524,0.0089074836436122,GBR,GBP,0.0055922765147711,0.0047002282242647,JPN,JPY,0.0536017229910275,0.0454606636984469,0.000425,0.0017379718251319168
AUS,2018-10-31,AUD,-0.0635542298107991,-0.0644889443408982,CHE,CHF,-0.0231561698377239,-0.0232009647345099,DEU,EUR,-0.0617378139095029,-0.0617982551008641,FRA,EUR,-0.0708311100754331,-0.0712756688485604,GBR,GBP,-0.0537687256202334,-0.0564278182227655,JPN,JPY,-0.091805965405285,-0.0918949858553066,-0.074045,0.0018142728929399165
AUS,2018-11-30,AUD,-0.0220373852957968,-0.0357741567392487,CHE,CHF,-0.0082654460683808,-0.0082654460683806,DEU,EUR,-0.0220930279409276,-0.0222963957032107,FRA,EUR,-0.019239061169167,-0.0198061659817999,GBR,GBP,-0.0167775915512412,-0.0206095613676565,JPN,JPY,0.0264864606345276,0.0263822322920508,0.018512,0.0018818387179451667
AUS,2018-12-31,AUD,-0.0054735289208094,-0.0079103641498612,CHE,CHF,-0.047120011058051,-0.0471200110580511,DEU,EUR,-0.0337534411738553,-0.033774097874924,FRA,EUR,-0.0169564149142026,-0.0191201776690889,GBR,GBP,-0.0420472177800493,-0.0435782827037207,JPN,JPY,-0.1008709686293309,-0.1025164441233228,-0.08989,0.0018817222214288333
AUS,2019-01-31,AUD,0.0372877726024587,0.034440102827288,CHE,CHF,0.0698868620275294,0.0697805657415953,DEU,EUR,0.0604472521968466,0.0583104956522884,FRA,EUR,0.0531550905305315,0.0526610362928083,GBR,GBP,0.0457887962964822,0.0447753765759069,JPN,JPY,0.0472088629218208,0.0470677330533393,0.088294,0.00196227247527075
AUS,2019-02-28,AUD,0.0544284844828268,0.0459885361415552,CHE,CHF,0.0406929253063692,0.0406929253063692,DEU,EUR,0.0217010335706557,0.0204588816238722,FRA,EUR,0.0366911191506322,0.036659950465659,GBR,GBP,0.0268920392575506,0.0205260901174066,JPN,JPY,0.0273285394625726,0.0268227868165933,0.032724,0.00202154394609725
AUS,2019-03-29,AUD,0.0008305559809456,-0.0039836753146154,CHE,CHF,0.0139805595142052,0.0072446171926587,DEU,EUR,0.0017342014417811,-0.0004652158513018,FRA,EUR,0.0095297975455248,0.0079553162438912,GBR,GBP,0.0285153860474955,0.0237780659949493,JPN,JPY,0.0009266095000493,-0.0096327150175071,0.012962,0.0020172432007860832
AUS,2019-04-30,AUD,0.0240379434050874,0.0236616756244971,CHE,CHF,0.0432220163542176,0.0304401856555678,DEU,EUR,0.0664669705025176,0.0630105816828778,FRA,EUR,0.0484919428293515,0.0435063719905621,GBR,GBP,0.024348689775302,0.0181464052185476,JPN,JPY,0.0175961900282821,0.0175263602663364,0.037893,0.0020086434690135004
AUS,2019-05-31,AUD,0.0189474057233958,0.0124835274158738,CHE,CHF,-0.0207610165438912,-0.0279407842295345,DEU,EUR,-0.0518396575201518,-0.0698546219554119,FRA,EUR,-0.0464961956197912,-0.0620647686123809,GBR,GBP,-0.0303184985911226,-0.0355822795948129,JPN,JPY,-0.0611493682172469,-0.0612734101978569,-0.061679,0.0019579758793995
AUS,2019-06-28,AUD,0.0342691334999483,0.0319804833778976,CHE,CHF,0.0316889606611905,0.0314590788378861,DEU,EUR,0.0454035527508938,0.0440261234219632,FRA,EUR,0.0553629970880464,0.051412730401102,GBR,GBP,0.0317252321984393,0.0288670933125054,JPN,JPY,0.0251832772634748,0.0236157175299964,0.067279,0.001693434687727
AUS,2019-07-31,AUD,0.0313677040325015,0.0312280222431586,CHE,CHF,0.0082770747349831,0.0082271169241621,DEU,EUR,-0.0127780365326475,-0.0130719482190659,FRA,EUR,-0.0017736566139601,-0.0036600490625883,GBR,GBP,0.0189141091879263,0.0177116943015382,JPN,JPY,0.0111312871952755,0.0109878903873217,0.011854,0.0018776635503075833
AUS,2019-08-30,AUD,-0.0206867159831027,-0.0273190780727948,CHE,CHF,-0.0028825074803168,-0.0031968307994649,DEU,EUR,-0.0125219662205049,-0.0126767492131318,FRA,EUR,-0.0048707034634281,-0.0048922384217047,GBR,GBP,-0.034319962001115,-0.0431001341121605,JPN,JPY,-0.0314691847287674,-0.0319578173993579,-0.020339,0.0017378724627450835
AUS,2019-09-30,AUD,0.0215515483881387,0.0151827239348241,CHE,CHF,0.0080500996118786,0.0072594061519122,DEU,EUR,0.0313208026722722,0.0310562456184528,FRA,EUR,0.028407177371664,0.0274530537592605,GBR,GBP,0.0311525881576642,0.0299117508718176,JPN,JPY,0.0572059716828947,0.0475616220985453,0.016033,0.0015008579504104998
AUS,2019-10-31,AUD,-0.0051026330543659,-0.0057499729312646,CHE,CHF,0.0057004951764714,0.0056199631821136,DEU,EUR,0.040558593865605,0.0405585938656047,FRA,EUR,0.0218189147301237,0.0217958681308485,GBR,GBP,-0.0100832624458877,-0.013106298370315,JPN,JPY,0.0484153215294416,0.0483232945229816,0.019257,0.0012640028773355
AUS,2019-11-29,AUD,0.0257450552335043,0.0208324973654043,CHE,CHF,0.0240775982143077,0.0240775982143077,DEU,EUR,0.032592045252753,0.0325520537114838,FRA,EUR,0.0307984428942711,0.0300025453769086,GBR,GBP,0.0228168505001169,0.018066134097938,JPN,JPY,0.0208499954180101,0.0207392942241881,0.034999,0.0013591599330884166
AUS,2019-12-31,AUD,-0.0198154439215669,-0.021852088663296,CHE,CHF,0.0117691418182412,0.0117691418182412,DEU,EUR,0.0071190002086276,0.0069454415465894,FRA,EUR,0.0140353223923206,0.0105306356599093,GBR,GBP,0.0349156880533205,0.0334416288759555,JPN,JPY,0.0129828480854714,0.011346305005162,0.028489,0.0011793314526302502
AUS,2020-01-31,AUD,0.0465505348473684,0.0465117841551727,CHE,CHF,-0.0001033204314285,-0.0001944246744145,DEU,EUR,-0.0127461385027278,-0.0127464209962917,FRA,EUR,-0.0180010451150013,-0.0183830870905994,GBR,GBP,-0.0289429047603596,-0.0300902097540513,JPN,JPY,-0.020613736560342,-0.0207434261334167,-0.001728,0.00129993362933975
AUS,2020-02-28,AUD,-0.0798117014136977,-0.085033032738482,CHE,CHF,-0.0741887349225318,-0.0741887349225315,DEU,EUR,-0.0793698393484914,-0.0818920897121361,FRA,EUR,-0.0732945739036893,-0.0733107259071974,GBR,GBP,-0.0901599168037996,-0.0938688205584304,JPN,JPY,-0.1002470363119968,-0.1008421890866765,-0.077918,0.0012047562290165
AUS,2020-03-31,AUD,-0.215960718468412,-0.2213942641480515,CHE,CHF,-0.0676270166578685,-0.0757785157667726,DEU,EUR,-0.14710558352086,-0.1471643730776044,FRA,EUR,-0.1602620648781626,-0.1619323140694683,GBR,GBP,-0.1497464734112967,-0.1524619832066288,JPN,JPY,-0.0595575867463942,-0.0703889828123174,-0.141733,3.37963526234375e-06
AUS,2020-04-30,AUD,0.0973079976311048,0.0971432974056005,CHE,CHF,0.045497758671936,0.0316874063232637,DEU,EUR,0.1011924505140291,0.097944416231656,FRA,EUR,0.0515450568317465,0.0504427511429834,GBR,GBP,0.0497895242044923,0.0472617019276369,JPN,JPY,0.043819426498866,0.0437393702198625,0.129674,6.125782260608333e-05
AUS,2020-05-29,AUD,0.0495007412238712,0.0482855140611755,CHE,CHF,0.0319058928285647,0.027722815191016,DEU,EUR,0.0677480458500321,0.05892069558539,FRA,EUR,0.0417052442518806,0.0366684143518905,GBR,GBP,0.031044296521006,0.0278673522079218,JPN,JPY,0.0687891708925072,0.0686159623723989,0.053739,0.00010561929377322499
AUS,2020-06-30,AUD,0.0236463841873864,0.021820501286786,CHE,CHF,0.0195302135483652,0.0194608529329747,DEU,EUR,0.0381444702327133,0.0327684096869829,FRA,EUR,0.0419419587311511,0.039018637265247,GBR,GBP,0.0135153425531933,0.0122797225946296,JPN,JPY,-0.000315941269527,-0.0016052373658156,0.025299,9.716900794120834e-05
AUS,2020-07-31,AUD,0.0100602468752402,0.0099269184101185,CHE,CHF,0.004164061684365,0.0032502178708555,DEU,EUR,-0.0031077643410796,-0.0050760436778922,FRA,EUR,-0.0233887556009895,-0.0279304782387834,GBR,GBP,-0.0347773469354621,-0.0368634130571439,JPN,JPY,-0.0377381177816876,-0.0378864708149437,0.055532,7.604470849571668e-05
AUS,2020-08-31,AUD,0.0384613693289119,0.0324360355367223,CHE,CHF,0.0243149715260755,0.0239798745020098,DEU,EUR,0.049211342098528,0.0475428275137195,FRA,EUR,0.0340964503052241,0.0340859474963961,GBR,GBP,0.0223986843874115,0.0161329768755118,JPN,JPY,0.0785672847519471,0.0780835082002948,0.068442,7.604461343350251e-05
AUS,2020-09-30,AUD,-0.0332670071834678,-0.0371467886926063,CHE,CHF,0.003823376994126,0.0030366576342975,DEU,EUR,-0.009245312686117,-0.0150647434691226,FRA,EUR,-0.0190736452218618,-0.0205219730073442,GBR,GBP,-0.0136616434230169,-0.0143186388693682,JPN,JPY,0.0164542594290104,0.0085184749516953,-0.035056,7.18200124438275e-05
AUS,2020-10-30,AUD,0.0213485091325151,0.0196692900740891,CHE,CHF,-0.0531947579945011,-0.0532238909091958,DEU,EUR,-0.0798310646474803,-0.0807663900146694,FRA,EUR,-0.0329953533209788,-0.0330010623084308,GBR,GBP,-0.0352083897240564,-0.0370245993478647,JPN,JPY,-0.0270260510401018,-0.0270967845564332,-0.020178,6.337016791798583e-05
AUS,2020-11-30,AUD,0.1000668458983369,0.0976932083079438,CHE,CHF,0.0900253364308578,0.0889047957958748,DEU,EUR,0.1334196631443667,0.1327500245663349,FRA,EUR,0.1773091720599271,0.1771280218086981,GBR,GBP,0.123021161739806,0.1201440965536329,JPN,JPY,0.104915829586351,0.1048055791501035,0.123707,5.9145301110025e-05
AUS,2020-12-31,AUD,0.0176743453709469,0.0162010784083837,CHE,CHF,0.0227596597401202,0.0224790790724798,DEU,EUR,0.0406909169270572,0.0402292547982037,FRA,EUR,0.0162090742367961,0.0146020461890032,GBR,GBP,0.0374370170380242,0.0354769185921615,JPN,JPY,0.0304422877420171,0.0289821163929147,0.045048,4.2246338522921665e-05
AUS,2021-01-29,AUD,0.0065196215830189,0.0064526456536375,CHE,CHF,-0.0090694199970079,-0.0091469609389172,DEU,EUR,0.0001030943390432,0.0001027973327234,FRA,EUR,-0.0269842181297037,-0.0278996230277677,GBR,GBP,-0.0063403603491071,-0.0069077722983954,JPN,JPY,0.0029857014459215,0.0028609927709446,-0.000631,4.43586739325525e-05
AUS,2021-02-26,AUD,0.013641505555531,0.0092500696959567,CHE,CHF,-0.0003432735641761,-0.0003432735641761,DEU,EUR,0.021207899765689,0.0186728560430893,FRA,EUR,0.0515987849075998,0.051597383713851,GBR,GBP,0.0167710259122135,0.0109003536756091,JPN,JPY,0.0293546528956314,0.0289055052475586,0.029196,2.534756019133e-05
AUS,2021-03-31,AUD,0.0210357357162176,0.0137086817778095,CHE,CHF,0.0684635135578453,0.0599401924049167,DEU,EUR,0.0726997081986582,0.0725930065287401,FRA,EUR,0.0609247058644575,0.0598841432602055,GBR,GBP,0.0485907872781308,0.0429337046363333,JPN,JPY,0.0534842919538134,0.0438253543188216,0.030573,1.26737008835075e-05
AUS,2021-04-30,AUD,0.0370621572438121,0.0367874562809731,CHE,CHF,0.0162979607529647,0.0040064035441835,DEU,EUR,0.0144718141718658,0.0076355046213054,FRA,EUR,0.0498898600243906,0.0463487723011004,GBR,GBP,0.0429511598311731,0.0394711220990637,JPN,JPY,-0.0271832865062294,-0.0272420006921358,0.04819,4.224546424870749e-06
AUS,2021-05-28,AUD,0.0225599202012878,0.0188358430923019,CHE,CHF,0.0329033828187073,0.0294182256298891,DEU,EUR,0.0252708903320568,0.0160113656566245,FRA,EUR,0.0351654415888722,0.0250511111806306,GBR,GBP,0.01313796232645,0.0102123327010783,JPN,JPY,0.011408365331248,0.011108923694445,0.007092,4.224546424870749e-06
AUS,2021-06-30,AUD,0.0246455062715362,0.0192950568402487,CHE,CHF,0.0375060154755642,0.0371911505993853,DEU,EUR,0.0158698339370275,0.0145853768904364,FRA,EUR,0.0143711142664129,0.0115346178514221,GBR,GBP,-0.0006295888178076,-0.0026126800825799,JPN,JPY,0.0149710508258056,0.0137048168241065,0.023422,2.957224802543833e-05
AUS,2021-07-30,AUD,0.0092338307890371,0.009055194898623,CHE,CHF,0.020392331805296,0.0202670815822079,DEU,EUR,0.0066696979713611,0.0056033820833958,FRA,EUR,0.0150330918856731,0.014238570762932,GBR,GBP,0.0080699477626797,0.0058508701307546,JPN,JPY,-0.023126298610101,-0.0232547364058997,0.011828,4.647104337551417e-05
AUS,2021-08-31,AUD,0.0271195410930062,0.0223164040323846,CHE,CHF,0.0229005345744697,0.0226667623497702,DEU,EUR,0.0230231135682126,0.0229937765486529,FRA,EUR,0.0038871981426338,0.0038318920382407,GBR,GBP,0.0220361070575418,0.0128801324342515,JPN,JPY,0.0314162248239862,0.0310017482196696,0.027146,3.379685958032667e-05
AUS,2021-09-30,AUD,-0.0132235930002305,-0.0225245157987286,CHE,CHF,-0.0561966873154241,-0.0568653458816262,DEU,EUR,-0.0349118920826697,-0.0360207209019654,FRA,EUR,-0.0274178988828662,-0.0288488496903605,GBR,GBP,-0.0158585452020407,-0.0177695106561572,JPN,JPY,0.0422383114536504,0.0323338853168888,-0.042243,3.802159377018e-05
AUS,2021-10-29,AUD,0.0036766867154736,0.0033141230244928,CHE,CHF,0.0355999410720353,0.0355674702805854,DEU,EUR,0.0189986441738165,0.0189268229907457,FRA,EUR,0.0590238582656401,0.0589812103693396,GBR,GBP,0.0118294925310362,0.0109805267619755,JPN,JPY,-0.0132775295298909,-0.0133377491376822,0.064651,4.2246309184121666e-05
AUS,2021-11-30,AUD,-0.0050284311603882,-0.0094628401189598,CHE,CHF,-0.0099395287055086,-0.0099395287055087,DEU,EUR,-0.0297153555250997,-0.0299403717883031,FRA,EUR,-0.0026930883705049,-0.0041428518997366,GBR,GBP,-0.017802086863414,-0.0203346509159591,JPN,JPY,-0.0364485641930356,-0.0365497034863946,-0.018351,6.759484577918501e-05
AUS,2021-12-31,AUD,0.0277035247226198,0.0259812749259951,CHE,CHF,0.0599461086836341,0.0599461086836339,DEU,EUR,0.0384607365744487,0.0311039502028176,FRA,EUR,0.0451361994126193,0.0446486207276777,GBR,GBP,0.0414507346620431,0.0387244832081457,JPN,JPY,0.03035982230675,0.0287976023063574,0.033341,4.2246309184121666e-05
AUS,2022-01-31,AUD,-0.0638482508766143,-0.0638931364118919,CHE,CHF,-0.0594178063977367,-0.0594979252154752,DEU,EUR,-0.034907931885206,-0.0349079318852061,FRA,EUR,-0.0376706744507914,-0.0383968197028028,GBR,GBP,-0.0057349993632791,-0.0063788480305735,JPN,JPY,-0.0507020260162445,-0.0508325226723973,-0.059823,2.957220489815417e-05
AUS,2022-02-28,AUD,0.0160966134760547,0.0059653540179811,CHE,CHF,-0.0182234051268424,-0.0182234051268426,DEU,EUR,-0.0583692281064984,-0.0606379117333163,FRA,EUR,-0.0484017801278745,-0.0485826019316488,GBR,GBP,-0.0089805956215957,-0.0123146654732683,JPN,JPY,-0.0052992453162494,-0.005779936922204,-0.021838,5.9145301110025e-05
AUS,2022-03-31,AUD,0.0707801486654524,0.0659659854610386,CHE,CHF,0.0192671825998496,0.0120353806032389,DEU,EUR,-0.0117434869681939,-0.0118999377922923,FRA,EUR,0.0049042188961589,0.0041002904666624,GBR,GBP,0.0148725281667934,0.0078150551158517,JPN,JPY,0.0429493096382977,0.031249760066061,0.030506,3.379691591032333e-05
AUS,2022-04-29,AUD,-0.0030006236798225,-0.0032185042444506,CHE,CHF,0.0041701918042114,-0.0068264406102531,DEU,EUR,-0.019303126071669,-0.0230000903781656,FRA,EUR,-0.0178486777986978,-0.0233153032275371,GBR,GBP,0.0002329201937389,-0.0037376291143492,JPN,JPY,-0.0224008500360681,-0.0224600906124228,-0.089387,0.0002915377602970917
AUS,2022-05-31,AUD,-0.0353802525810841,-0.050602805744508,CHE,CHF,-0.0361578286635421,-0.0401455740859204,DEU,EUR,0.0180197895826046,-0.0068010413965278,FRA,EUR,-0.0046846756428321,-0.0181298231824688,GBR,GBP,0.0031744342567578,-0.0010918157281945,JPN,JPY,0.0036338085240623,0.003498517459149,-0.002113,0.0005746998840538417
AUS,2022-06-30,AUD,-0.0939688543861475,-0.0955092506029544,CHE,CHF,-0.0779969816354523,-0.0783088671149732,DEU,EUR,-0.1193620837952246,-0.1205599623205855,FRA,EUR,-0.0691184369959778,-0.0715926941639922,GBR,GBP,-0.0541230363079222,-0.0566361455116353,JPN,JPY,-0.0167466098853238,-0.0182728811486981,-0.083998,0.0009340958457161667
AUS,2022-07-29,AUD,0.0652370820058303,0.0645119889237177,CHE,CHF,0.0492834215602915,0.0491925637876795,DEU,EUR,0.0541209187247357,0.0533931925007904,FRA,EUR,0.104523940886275,0.1031890402277094,GBR,GBP,0.0406470396860123,0.0314397604665603,JPN,JPY,0.0387187150793737,0.0385704687523436,0.090351,0.0018055911626338335
AUS,2022-08-31,AUD,0.0144597647026518,0.0094482059213634,CHE,CHF,-0.0312354388751761,-0.0314903643188156,DEU,EUR,-0.0557436284289516,-0.0560770851628732,FRA,EUR,-0.0475197462085168,-0.0475657564926911,GBR,GBP,-0.0223764757329398,-0.0312111368612301,JPN,JPY,0.0120884062334438,0.0116427352499528,-0.036233,0.0019623358190475836
AUS,2022-09-30,AUD,-0.062126099757129,-0.0741249183000731,CHE,CHF,-0.0713222661534518,-0.0724958576144505,DEU,EUR,-0.0831926209588186,-0.0836326755652263,FRA,EUR,-0.0618972674636348,-0.0628076396258602,GBR,GBP,-0.0616699322176814,-0.0633949873557309,JPN,JPY,-0.052905659047519,-0.0619977867227499,-0.091323,0.00227128787184275
AUS,2022-10-31,AUD,0.0533334325935921,0.0526949378900343,CHE,CHF,0.043791691261853,0.043761243263364,DEU,EUR,0.077460515405251,0.0774225852090966,FRA,EUR,0.0690830222142233,0.0690588832050138,GBR,GBP,0.0303679925194642,0.0292141428841663,JPN,JPY,0.0496885863157043,0.0496223583148773,0.077394,0.002881135654291083
AUS,2022-11-30,AUD,0.0649128401236514,0.0606354537461431,CHE,CHF,0.0441750828810763,0.0441750828810765,DEU,EUR,0.0865760034952636,0.0865525739007677,FRA,EUR,0.0834132354634911,0.0827846563140926,GBR,GBP,0.0692789767801751,0.0656692442514597,JPN,JPY,0.0250331562081451,0.0249135504465583,0.052354,0.0033203032800051668
AUS,2022-12-30,AUD,-0.0333147319635231,-0.0351931149869402,CHE,CHF,-0.03085647571709,-0.030926113618227,DEU,EUR,-0.0352965749861047,-0.0384840925020262,FRA,EUR,-0.0378056865312912,-0.0405273654616545,GBR,GBP,-0.0148852904265375,-0.0163372790263659,JPN,JPY,-0.0458423089968932,-0.047599689999466,-0.05712,0.0033262994360549166
AUS,2023-01-31,AUD,0.0624717255630904,0.062271843718606,CHE,CHF,0.0588506733264004,0.0587630932714671,DEU,EUR,0.09556160209335,0.09556160209335,FRA,EUR,0.0988833975111949,0.0978516249914445,GBR,GBP,0.0429881471671116,0.0423456952888348,JPN,JPY,0.0405639434535072,0.0404120100970533,0.071823,0.003737145217115583
AUS,2023-02-28,AUD,-0.0246542324167585,-0.029804234182073,CHE,CHF,-0.0149103703463575,-0.0149103703463577,DEU,EUR,0.0147002858962863,0.0118441789368664,FRA,EUR,0.0157497951894358,0.0155358632691957,GBR,GBP,0.0200164145749306,0.015916134408382,JPN,JPY,0.0096008024147327,0.0090826885917438,-0.024666,0.003682024931744917
AUS,2023-03-31,AUD,-0.0039195854559118,-0.0136082639511778,CHE,CHF,0.0257028910099912,0.0185843219417278,DEU,EUR,0.0139725900972589,0.0137970906287543,FRA,EUR,0.0137300264777238,0.0127941255792158,GBR,GBP,-0.0295851173650627,-0.0358133065334382,JPN,JPY,0.0164927385955804,0.0046085849120622,0.02395,0.0038881788842497506
AUS,2023-04-28,AUD,0.0170542772519364,0.0165119907943713,CHE,CHF,0.0312168322991079,0.0224724860638581,DEU,EUR,0.015297463636378,0.0109741192733516,FRA,EUR,0.0327348963908591,0.027193292459575,GBR,GBP,0.0310056133657898,0.026835046086405,JPN,JPY,0.0274650000391838,0.0273976045011279,0.008976,0.0034746881452196667
AUS,2023-05-31,AUD,-0.0288744736575402,-0.0327659589192307,CHE,CHF,-0.0229060346651269,-0.0269864746611215,DEU,EUR,-0.0217397522707649,-0.0468746143168464,FRA,EUR,-0.0399512020351892,-0.0517693607115971,GBR,GBP,-0.0469927445459016,-0.050797190270683,JPN,JPY,0.0317933301514359,0.0316501097341319,0.000708,0.004128715554031166
AUS,2023-06-30,AUD,0.0189098229226487,0.0171276426314941,CHE,CHF,0.0062702957244404,0.0059200106762939,DEU,EUR,0.0278186552044956,0.0255129701317966,FRA,EUR,0.039114734394577,0.0365625299091947,GBR,GBP,0.0048563882932506,0.0021957753123837,JPN,JPY,0.0753767403843759,0.073896852008966,0.066183,0.004301849576203167
AUS,2023-07-31,AUD,0.0287213942051485,0.0284709600235444,CHE,CHF,0.0031800210200112,0.0031018817052368,DEU,EUR,0.0219196945316708,0.0215150669578783,FRA,EUR,0.0077357470462795,0.0064836330985809,GBR,GBP,0.0257132246407825,0.0240647323111435,JPN,JPY,0.0146868287903201,0.0145515730061509,0.035618,0.004441577172609583
AUS,2023-08-31,AUD,-0.0068196600976768,-0.0135960260610814,CHE,CHF,-0.0242244767957928,-0.0245163510740577,DEU,EUR,-0.0339914407548728,-0.034139154034504,FRA,EUR,-0.0311316176525599,-0.0311580239962552,GBR,GBP,-0.0217320608425061,-0.0296741839881647,JPN,JPY,0.0046097631836825,0.0041840438946905,-0.020608,0.004463451834298833
AUS,2023-09-29,AUD,-0.0256955729283668,-0.0333490465164738,CHE,CHF,-0.01447237559618,-0.0158306820287401,DEU,EUR,-0.0355384904888038,-0.035682371757335,FRA,EUR,-0.0398774126592937,-0.0406166583147306,GBR,GBP,0.0221365255783747,0.0206198279282185,JPN,JPY,0.0048015589211749,-0.0037631089584923,-0.047391,0.004471612723112499
AUS,2023-10-31,AUD,-0.0381519561109108,-0.0392326929944745,CHE,CHF,-0.0519635468779302,-0.058794838812982,DEU,EUR,-0.0452908613985486,-0.0453189296120398,FRA,EUR,-0.0365001305094883,-0.0365887602776636,GBR,GBP,-0.0418449014079892,-0.0428256254225647,JPN,JPY,-0.0293993679594236,-0.0294672419228369,-0.028865,0.004475197655959584
AUS,2023-11-30,AUD,0.0485156132348623,0.044000479649304,CHE,CHF,0.0438920131580742,0.0438920131580744,DEU,EUR,0.0794917570021747,0.0794697743113626,FRA,EUR,0.0581446225853858,0.0576029305791079,GBR,GBP,0.0285918231404527,0.0237635166383312,JPN,JPY,0.0542459569744968,0.0541306709479296,0.092053,0.004454961785125084
AUS,2023-12-29,AUD,0.071966505328801,0.0704390967961736,CHE,CHF,0.0212804121459604,0.0212013343005286,DEU,EUR,0.0271863961233493,0.0270357561183638,FRA,EUR,0.0363656861239818,0.034377390400103,GBR,GBP,0.0440397561806193,0.0427604015369296,JPN,JPY,-0.0030454148049559,-0.0047583626458053,0.053604,0.004484346181478084
AUS,2024-01-31,AUD,0.0120989930751827,0.0118124148528726,CHE,CHF,0.0120666745950985,0.0119635624826086,DEU,EUR,0.0036927629076437,0.0036065755663126,FRA,EUR,0.0182639133242366,0.0173604601745132,GBR,GBP,-0.0118937605104771,-0.0129203086390508,JPN,JPY,0.0733221480025438,0.073194894045576,0.007561,0.004425569685233417
AUS,2024-02-29,AUD,0.0117365616778044,0.0056273682431187,CHE,CHF,0.0161446527043345,0.0161446527043345,DEU,EUR,0.0315796230184273,0.0291297095709677,FRA,EUR,0.0356615606632626,0.0339363540583759,GBR,GBP,0.0053764647832335,0.0009335001641159,JPN,JPY,0.0486628220755243,0.0482184848064795,0.050584,0.004488922451048167
AUS,2024-03-28,AUD,0.0289860221826199,0.022417830830443,CHE,CHF,0.0327638679830648,0.0254820528936747,DEU,EUR,0.03884987169481,0.0387325754861416,FRA,EUR,0.0239932956437105,0.0230766403090008,GBR,GBP,0.0468666182778947,0.0407574297436121,JPN,JPY,0.0428246802685909,0.0327974750119888,0.03245,0.0044719419616765
AUS,2024-04-30,AUD,-0.0286301648954389,-0.0290788951324336,CHE,CHF,-0.0192558416349778,-0.0239112584592123,DEU,EUR,-0.0215460645934836,-0.0273931726964199,FRA,EUR,-0.0187009795029069,-0.0246212206547706,GBR,GBP,0.0265921178250736,0.0229765655751161,JPN,JPY,-0.014417633827522,-0.0144666352733802,-0.042724,0.004466711241662584
AUS,2024-05-31,AUD,0.009118971526655,0.0043511001109668,CHE,CHF,0.0537461058319428,0.0497046639706166,DEU,EUR,0.0298715368018909,0.0112209197291137,FRA,EUR,0.0152726198102846,0.0020936293077449,GBR,GBP,0.0265149157726911,0.0203920036484477,JPN,JPY,0.0053178671639673,0.0051351963507322,0.046553,0.0044652460578970005
AUS,2024-06-28,AUD,0.0090446698327928,0.0074505461982654,CHE,CHF,-0.0063966573784898,-0.0066753701887215,DEU,EUR,-0.0108345554451795,-0.0129219374835061,FRA,EUR,-0.061798164314339,-0.0643335489447987,GBR,GBP,-0.0166032192513428,-0.0193994407124021,JPN,JPY,0.0150948067073637,0.0137982409938355,0.026073,0.004467368274897333
AUS,2024-07-31,AUD,0.0380632956939221,0.0378877627994904,CHE,CHF,0.0106628056018738,0.0105790761508355,DEU,EUR,0.0037392304843046,0.0034312064089767,FRA,EUR,0.0026551940362604,0.0014661016207795,GBR,GBP,0.033433286936916,0.0326108963763471,JPN,JPY,-0.0041504196970986,-0.0042752796358971,0.019878,0.0044637798872725004
AUS,2024-08-30,AUD,0.005075416824753,0.0006347585873629,CHE,CHF,0.004710811507836,0.0044871626118607,DEU,EUR,0.0175792404905323,0.0174544034363912,FRA,EUR,0.0177706582815473,0.0174066248301389,GBR,GBP,0.0084252144257812,0.0014570339774957,JPN,JPY,-0.0244044582203699,-0.0248093156275593,0.021572,0.004380361263018917
AUS,2024-09-30,AUD,0.0336283557761269,0.0251925477894321,CHE,CHF,-0.0114997318156339,-0.0124276612548351,DEU,EUR,0.0263308314440335,0.026327812186419,FRA,EUR,0.0087397577216206,0.0079895955655682,GBR,GBP,-0.0171544398222673,-0.0188796869778967,JPN,JPY,-0.014244640236521,-0.0230691247289855,0.020969,0.0038262963416366663
AUS,2024-10-31,AUD,-0.0118832872549886,-0.0122481213933115,CHE,CHF,-0.031303193041006,-0.0313215782084713,DEU,EUR,-0.0205703091898371,-0.0206198310486331,FRA,EUR,-0.051355989631425,-0.0515964991569868,GBR,GBP,-0.0171039607744207,-0.0182656033275375,JPN,JPY,0.0169747578974257,0.0168979621313873,-0.008298,0.0037519827902054996
AUS,2024-11-29,AUD,0.0353528376464591,0.0316995709718503,CHE,CHF,3.18279529973875e-05,3.182795299760954e-05,DEU,EUR,0.0198209614294369,0.0197995010862075,FRA,EUR,-0.0210421790505379,-0.0213336525326617,GBR,GBP,0.0261114472083632,0.0219719953880583,JPN,JPY,-0.007304051494854,-0.0074075915244929,0.064855,0.003474952986778501
AUS,2024-12-31,AUD,-0.0298893489772235,-0.0312484511202326,CHE,CHF,-0.010969988271385,-0.0110461528659694,DEU,EUR,0.006986289089141,0.0066038650893702,FRA,EUR,0.0352325861764457,0.0304260394838324,GBR,GBP,-0.011381219640665,-0.0125962303523701,JPN,JPY,0.0412787973859556,0.0396650337624135,-0.031582,0.0033372916186482503
